regid,uid,sid,fecha_1,fecha_2,estado
0,72,0,2006-01-23,2006-01-25,perdido
1,48,0,2002-11-29,2002-12-13,perdido
2,169,1,2000-08-19,2000-09-07,perdido
3,136,1,2015-03-12,2015-03-29,en ruta
4,66,2,2018-02-20,2018-03-02,perdido
5,118,2,2016-12-12,2016-12-21,en ruta
6,226,3,2001-08-01,2001-08-07,perdido
7,43,3,2011-02-21,2011-03-07,perdido
8,150,4,2010-11-08,2010-11-27,en ruta
9,43,4,2016-04-11,2016-04-24,finalizado
10,1,5,2005-12-26,2005-12-30,perdido
11,292,5,2013-12-15,2014-01-03,en ruta
12,393,6,2002-01-12,2002-01-26,perdido
13,56,6,2001-11-28,2001-12-03,en ruta
14,268,7,2013-11-29,2013-12-18,en ruta
15,316,7,2003-10-13,2003-10-24,finalizado
16,88,8,2016-05-18,2016-05-22,finalizado
17,305,8,2017-08-09,2017-08-20,finalizado
18,236,9,2000-07-20,2000-08-07,perdido
19,370,9,2016-03-05,2016-03-22,finalizado
20,354,10,2011-06-11,2011-06-27,en ruta
21,86,10,2007-06-19,2007-06-26,finalizado
22,223,11,2009-03-30,2009-03-30,finalizado
23,266,11,2012-05-02,2012-05-12,en ruta
24,93,12,2001-09-03,2001-09-11,perdido
25,0,12,2016-02-04,2016-02-12,finalizado
26,143,13,2004-10-19,2004-11-07,perdido
27,168,13,2014-01-24,2014-02-06,perdido
28,136,14,2012-01-16,2012-01-19,perdido
29,90,14,2019-02-20,2019-02-21,perdido
30,165,15,2005-03-05,2005-03-14,en ruta
31,23,15,2016-05-04,2016-05-21,finalizado
32,328,16,2008-10-16,2008-10-30,perdido
33,123,16,2013-05-07,2013-05-15,perdido
34,287,17,2000-12-23,2001-01-04,en ruta
35,339,17,2003-02-26,2003-03-11,en ruta
36,270,18,2016-12-17,2016-12-24,en ruta
37,108,18,2003-01-17,2003-01-27,en ruta
38,138,19,2007-01-30,2007-02-13,perdido
39,203,19,2005-12-08,2005-12-10,en ruta
40,401,20,2010-10-29,2010-11-01,finalizado
41,130,20,2014-11-22,2014-12-01,finalizado
42,39,21,2015-02-03,2015-02-08,en ruta
43,207,21,2011-10-07,2011-10-09,en ruta
44,350,22,2016-04-20,2016-05-02,en ruta
45,228,22,2008-06-25,2008-07-08,finalizado
46,174,23,2018-02-06,2018-02-22,finalizado
47,17,23,2004-10-27,2004-11-12,finalizado
48,343,24,2011-09-11,2011-09-29,finalizado
49,353,24,2001-12-16,2002-01-02,finalizado
50,325,25,2005-07-15,2005-07-23,perdido
51,297,25,2000-07-12,2000-07-26,perdido
52,120,26,2003-09-01,2003-09-06,en ruta
53,46,26,2004-12-05,2004-12-19,perdido
54,156,27,2003-10-03,2003-10-14,finalizado
55,268,27,2005-09-26,2005-10-11,en ruta
56,156,28,2008-02-06,2008-02-22,en ruta
57,127,28,2017-04-20,2017-04-29,perdido
58,426,29,2002-08-08,2002-08-10,finalizado
59,306,29,2004-01-29,2004-01-29,perdido
60,382,30,2008-09-18,2008-10-06,perdido
61,36,30,2003-01-07,2003-01-15,perdido
62,284,31,2013-11-12,2013-11-17,perdido
63,16,31,2012-11-14,2012-11-22,en ruta
64,33,32,2004-02-10,2004-02-20,finalizado
65,91,32,2010-07-10,2010-07-15,finalizado
66,399,33,2008-07-24,2008-07-31,en ruta
67,165,33,2011-01-11,2011-01-23,perdido
68,196,34,2007-04-25,2007-05-13,en ruta
69,51,34,2016-05-02,2016-05-17,perdido
70,122,35,2003-01-13,2003-01-17,en ruta
71,230,35,2013-01-30,2013-02-14,finalizado
72,319,36,2017-03-21,2017-03-22,finalizado
73,426,36,2001-09-22,2001-09-27,perdido
74,164,37,2017-09-18,2017-09-30,perdido
75,442,37,2015-08-17,2015-08-18,perdido
76,410,38,2001-10-20,2001-11-05,finalizado
77,102,38,2005-05-28,2005-06-11,perdido
78,209,39,2012-11-02,2012-11-12,finalizado
79,187,39,2013-11-17,2013-11-21,finalizado
80,65,40,2014-08-28,2014-09-10,en ruta
81,24,40,2012-09-22,2012-10-11,finalizado
82,422,41,2005-11-27,2005-12-09,perdido
83,190,41,2008-05-09,2008-05-24,perdido
84,47,42,2010-12-25,2011-01-10,en ruta
85,370,42,2000-12-17,2001-01-05,en ruta
86,221,43,2002-02-14,2002-02-26,en ruta
87,415,43,2007-04-08,2007-04-14,perdido
88,225,44,2013-03-04,2013-03-19,en ruta
89,435,44,2017-01-06,2017-01-23,finalizado
90,185,45,2009-08-15,2009-09-03,en ruta
91,379,45,2017-07-09,2017-07-22,perdido
92,136,46,2004-06-20,2004-06-21,finalizado
93,369,46,2017-09-09,2017-09-11,perdido
94,399,47,2007-04-18,2007-04-26,finalizado
95,282,47,2010-06-09,2010-06-28,en ruta
96,336,48,2006-04-24,2006-05-13,finalizado
97,75,48,2019-02-11,2019-02-14,perdido
98,402,49,2003-04-13,2003-04-28,perdido
99,169,49,2008-01-20,2008-01-27,perdido
100,26,50,2018-10-01,2018-10-20,en ruta
101,419,50,2006-01-04,2006-01-11,en ruta
102,241,51,2008-02-27,2008-03-14,en ruta
103,84,51,2012-08-30,2012-09-03,en ruta
104,208,52,2002-08-30,2002-08-30,perdido
105,437,52,2005-09-26,2005-09-28,en ruta
106,37,53,2001-08-05,2001-08-19,perdido
107,378,53,2004-04-17,2004-04-20,finalizado
108,185,54,2006-12-02,2006-12-21,perdido
109,23,54,2002-08-23,2002-08-28,finalizado
110,443,55,2017-05-17,2017-05-31,finalizado
111,397,55,2001-08-28,2001-09-14,en ruta
112,314,56,2009-06-30,2009-07-18,en ruta
113,65,56,2001-12-28,2001-12-28,perdido
114,76,57,2018-12-12,2018-12-13,finalizado
115,158,57,2013-02-07,2013-02-13,finalizado
116,397,58,2004-12-30,2004-12-30,finalizado
117,72,58,2016-01-21,2016-02-02,en ruta
118,168,59,2002-07-06,2002-07-18,finalizado
119,301,59,2014-02-17,2014-02-26,finalizado
120,98,60,2004-12-14,2004-12-31,en ruta
121,35,60,2015-11-05,2015-11-24,finalizado
122,350,61,2017-01-22,2017-01-26,en ruta
123,232,61,2001-04-01,2001-04-18,en ruta
124,423,62,2005-09-25,2005-09-26,en ruta
125,84,62,2009-11-09,2009-11-26,finalizado
126,369,63,2011-06-09,2011-06-09,en ruta
127,75,63,2009-07-20,2009-08-04,perdido
128,50,64,2014-05-15,2014-05-30,en ruta
129,63,64,2013-08-31,2013-09-14,en ruta
130,80,65,2011-10-26,2011-11-07,perdido
131,151,65,2017-09-30,2017-10-08,finalizado
132,114,66,2014-06-16,2014-06-19,perdido
133,106,66,2004-02-19,2004-03-03,en ruta
134,88,67,2009-11-20,2009-11-27,en ruta
135,325,67,2007-08-22,2007-08-22,en ruta
136,164,68,2007-06-30,2007-07-12,perdido
137,376,68,2010-09-03,2010-09-03,finalizado
138,52,69,2001-10-21,2001-11-08,finalizado
139,275,69,2018-06-02,2018-06-12,perdido
140,224,70,2013-09-13,2013-09-25,finalizado
141,270,70,2014-05-14,2014-05-31,perdido
142,119,71,2011-07-16,2011-07-28,finalizado
143,1,71,2006-04-01,2006-04-04,finalizado
144,93,72,2013-09-24,2013-10-04,perdido
145,267,72,2007-11-03,2007-11-10,en ruta
146,271,73,2011-09-26,2011-10-13,finalizado
147,9,73,2004-09-17,2004-09-29,en ruta
148,1,74,2007-04-13,2007-04-30,perdido
149,408,74,2013-08-13,2013-08-27,finalizado
150,79,75,2015-05-20,2015-06-08,finalizado
151,108,75,2019-01-15,2019-01-19,perdido
152,196,76,2012-06-28,2012-07-01,finalizado
153,173,76,2009-03-06,2009-03-22,en ruta
154,39,77,2010-02-16,2010-03-05,perdido
155,3,77,2005-02-17,2005-02-25,finalizado
156,3,78,2006-03-19,2006-04-05,perdido
157,69,78,2003-12-10,2003-12-19,perdido
158,292,79,2004-01-20,2004-01-20,perdido
159,265,79,2007-01-28,2007-02-03,en ruta
160,247,80,2004-05-05,2004-05-10,finalizado
161,142,80,2008-04-10,2008-04-15,perdido
162,139,81,2002-07-10,2002-07-14,perdido
163,107,81,2016-01-16,2016-01-19,finalizado
164,83,82,2006-10-07,2006-10-24,en ruta
165,47,82,2003-06-28,2003-06-29,perdido
166,277,83,2011-06-16,2011-07-04,en ruta
167,412,83,2011-10-02,2011-10-09,perdido
168,327,84,2005-07-22,2005-08-08,finalizado
169,205,84,2006-11-20,2006-11-30,perdido
170,222,85,2010-09-17,2010-09-23,finalizado
171,381,85,2009-03-15,2009-03-22,perdido
172,201,86,2007-03-18,2007-04-03,en ruta
173,115,86,2012-10-26,2012-10-29,en ruta
174,42,87,2007-05-02,2007-05-08,perdido
175,160,87,2013-06-26,2013-07-05,en ruta
176,104,88,2011-07-05,2011-07-12,finalizado
177,216,88,2017-03-26,2017-04-02,perdido
178,180,89,2005-08-04,2005-08-12,perdido
179,397,89,2010-12-12,2010-12-30,finalizado
180,259,90,2000-07-31,2000-08-19,finalizado
181,406,90,2010-09-08,2010-09-26,perdido
182,241,91,2017-07-19,2017-07-31,en ruta
183,346,91,2017-05-27,2017-05-29,en ruta
184,426,92,2012-01-20,2012-01-21,perdido
185,273,92,2011-05-12,2011-05-16,perdido
186,190,93,2012-09-14,2012-09-16,perdido
187,382,93,2019-03-10,2019-03-22,finalizado
188,239,94,2000-11-06,2000-11-25,finalizado
189,79,94,2016-10-05,2016-10-13,finalizado
190,304,95,2012-10-09,2012-10-17,finalizado
191,85,95,2010-04-20,2010-05-02,finalizado
192,272,96,2016-07-28,2016-07-30,en ruta
193,168,96,2001-05-09,2001-05-20,perdido
194,116,97,2011-11-13,2011-12-02,finalizado
195,5,97,2012-03-01,2012-03-20,finalizado
196,307,98,2002-09-01,2002-09-17,perdido
197,71,98,2008-07-30,2008-08-15,finalizado
198,357,99,2002-02-07,2002-02-23,perdido
199,341,99,2012-05-31,2012-06-05,en ruta
200,40,100,2013-05-07,2013-05-10,finalizado
201,335,100,2005-05-30,2005-06-04,perdido
202,11,101,2015-08-01,2015-08-13,en ruta
203,369,101,2015-04-24,2015-05-11,perdido
204,206,102,2010-09-29,2010-10-14,en ruta
205,20,102,2008-11-03,2008-11-12,en ruta
206,306,103,2009-03-25,2009-03-31,perdido
207,100,103,2004-08-28,2004-09-04,finalizado
208,195,104,2015-11-23,2015-12-03,finalizado
209,48,104,2006-07-08,2006-07-13,en ruta
210,222,105,2011-09-25,2011-10-03,en ruta
211,360,105,2007-09-06,2007-09-07,finalizado
212,294,106,2012-02-20,2012-03-04,finalizado
213,143,106,2016-04-09,2016-04-22,finalizado
214,294,107,2003-09-09,2003-09-12,finalizado
215,26,107,2007-02-27,2007-03-02,finalizado
216,308,108,2013-01-15,2013-01-29,perdido
217,243,108,2002-03-16,2002-03-20,finalizado
218,46,109,2003-12-16,2004-01-03,en ruta
219,397,109,2013-01-31,2013-02-02,en ruta
220,259,110,2009-08-08,2009-08-09,en ruta
221,336,110,2011-10-05,2011-10-23,en ruta
222,99,111,2004-01-07,2004-01-11,perdido
223,74,111,2010-04-08,2010-04-22,finalizado
224,205,112,2013-12-14,2013-12-19,finalizado
225,362,112,2017-04-02,2017-04-04,finalizado
226,229,113,2012-03-14,2012-03-17,perdido
227,7,113,2004-11-11,2004-11-17,finalizado
228,394,114,2003-02-13,2003-02-17,finalizado
229,175,114,2015-06-08,2015-06-09,finalizado
230,272,115,2000-05-19,2000-05-27,perdido
231,241,115,2001-05-01,2001-05-20,finalizado
232,225,116,2015-04-28,2015-05-14,perdido
233,206,116,2001-01-20,2001-01-22,en ruta
234,7,117,2011-01-29,2011-01-31,finalizado
235,19,117,2004-02-24,2004-03-01,en ruta
236,3,118,2011-02-04,2011-02-19,finalizado
237,434,118,2006-09-11,2006-09-28,en ruta
238,317,119,2007-11-01,2007-11-03,perdido
239,17,119,2012-08-09,2012-08-10,perdido
240,141,120,2011-07-10,2011-07-17,finalizado
241,230,120,2019-01-24,2019-02-12,en ruta
242,388,121,2003-09-07,2003-09-22,perdido
243,128,121,2002-09-02,2002-09-16,en ruta
244,197,122,2001-03-28,2001-03-30,finalizado
245,187,122,2003-06-04,2003-06-14,en ruta
246,327,123,2013-12-13,2013-12-31,finalizado
247,51,123,2005-06-02,2005-06-08,en ruta
248,359,124,2010-08-23,2010-09-01,perdido
249,348,124,2002-02-22,2002-03-07,finalizado
250,57,125,2002-07-24,2002-07-29,en ruta
251,209,125,2003-11-10,2003-11-15,perdido
252,48,126,2014-04-17,2014-04-17,finalizado
253,45,126,2012-10-03,2012-10-09,en ruta
254,44,127,2012-08-07,2012-08-20,perdido
255,234,127,2002-08-09,2002-08-19,perdido
256,307,128,2010-09-21,2010-09-25,finalizado
257,109,128,2010-02-14,2010-02-17,perdido
258,69,129,2014-10-02,2014-10-18,perdido
259,407,129,2017-04-17,2017-04-24,en ruta
260,279,130,2012-07-08,2012-07-25,en ruta
261,398,130,2008-08-24,2008-09-12,finalizado
262,14,131,2005-06-29,2005-07-06,perdido
263,392,131,2013-08-11,2013-08-18,finalizado
264,3,132,2000-08-17,2000-08-23,perdido
265,399,132,2008-11-01,2008-11-18,en ruta
266,196,133,2006-08-19,2006-08-25,en ruta
267,221,133,2006-11-08,2006-11-21,en ruta
268,90,134,2001-01-15,2001-01-27,finalizado
269,242,134,2002-07-28,2002-08-11,en ruta
270,332,135,2008-08-07,2008-08-25,en ruta
271,342,135,2014-09-20,2014-10-05,en ruta
272,234,136,2005-03-30,2005-04-08,perdido
273,305,136,2017-02-03,2017-02-16,finalizado
274,364,137,2000-04-21,2000-04-25,en ruta
275,315,137,2011-05-25,2011-06-03,en ruta
276,362,138,2019-03-29,2019-04-08,perdido
277,286,138,2004-04-22,2004-04-22,finalizado
278,137,139,2011-02-14,2011-02-19,perdido
279,117,139,2000-10-03,2000-10-21,en ruta
280,407,140,2007-12-03,2007-12-08,perdido
281,265,140,2015-04-07,2015-04-14,en ruta
282,282,141,2004-09-06,2004-09-22,perdido
283,128,141,2017-11-04,2017-11-05,en ruta
284,21,142,2011-10-13,2011-10-26,perdido
285,62,142,2014-10-10,2014-10-11,perdido
286,169,143,2007-07-18,2007-08-04,perdido
287,207,143,2013-09-18,2013-09-24,perdido
288,391,144,2007-08-03,2007-08-22,finalizado
289,332,144,2015-12-31,2016-01-16,finalizado
290,232,145,2011-11-24,2011-12-12,finalizado
291,128,145,2011-07-15,2011-07-28,finalizado
292,341,146,2010-08-04,2010-08-20,finalizado
293,359,146,2009-09-12,2009-09-24,en ruta
294,301,147,2017-03-08,2017-03-18,perdido
295,243,147,2010-01-24,2010-02-02,finalizado
296,174,148,2016-10-19,2016-10-23,en ruta
297,432,148,2013-08-26,2013-08-29,perdido
298,283,149,2005-09-16,2005-09-19,finalizado
299,110,149,2000-06-05,2000-06-22,en ruta
300,249,150,2014-07-26,2014-08-07,en ruta
301,47,150,2008-10-27,2008-11-10,finalizado
302,94,151,2002-09-06,2002-09-21,en ruta
303,219,151,2002-12-17,2003-01-03,perdido
304,301,152,2004-08-24,2004-08-25,en ruta
305,312,152,2003-10-19,2003-10-22,perdido
306,199,153,2008-09-21,2008-09-27,en ruta
307,98,153,2005-07-08,2005-07-09,perdido
308,152,154,2000-02-22,2000-02-26,en ruta
309,374,154,2011-07-01,2011-07-14,finalizado
310,241,155,2005-04-25,2005-04-26,finalizado
311,152,155,2017-09-24,2017-09-28,perdido
312,389,156,2012-10-31,2012-11-04,en ruta
313,356,156,2005-08-05,2005-08-16,perdido
314,342,157,2000-02-11,2000-02-27,en ruta
315,331,157,2000-08-29,2000-09-03,en ruta
316,320,158,2010-05-14,2010-06-02,perdido
317,204,158,2018-06-17,2018-06-29,en ruta
318,310,159,2013-11-09,2013-11-10,en ruta
319,105,159,2001-06-18,2001-07-05,perdido
320,280,160,2011-01-10,2011-01-13,en ruta
321,403,160,2009-06-29,2009-07-05,finalizado
322,256,161,2016-05-16,2016-06-03,en ruta
323,440,161,2016-09-05,2016-09-05,finalizado
324,233,162,2015-07-29,2015-08-10,en ruta
325,38,162,2014-12-21,2015-01-05,en ruta
326,336,163,2011-08-16,2011-08-18,finalizado
327,11,163,2006-12-15,2006-12-18,perdido
328,319,164,2012-10-08,2012-10-24,en ruta
329,387,164,2011-06-01,2011-06-03,perdido
330,376,165,2003-09-21,2003-09-28,perdido
331,207,165,2015-09-10,2015-09-22,finalizado
332,128,166,2006-05-20,2006-05-25,finalizado
333,181,166,2018-07-29,2018-08-06,en ruta
334,33,167,2017-01-14,2017-01-30,finalizado
335,17,167,2009-03-27,2009-04-07,en ruta
336,378,168,2018-01-06,2018-01-16,perdido
337,177,168,2004-12-15,2004-12-31,perdido
338,413,169,2018-08-31,2018-09-07,en ruta
339,320,169,2013-05-07,2013-05-19,perdido
340,156,170,2007-02-08,2007-02-17,perdido
341,341,170,2004-12-28,2004-12-29,en ruta
342,308,171,2014-04-20,2014-04-27,finalizado
343,219,171,2006-05-11,2006-05-20,perdido
344,213,172,2013-06-26,2013-07-13,en ruta
345,362,172,2010-11-14,2010-11-21,en ruta
346,39,173,2009-05-19,2009-05-20,en ruta
347,65,173,2002-01-29,2002-02-14,en ruta
348,80,174,2011-03-31,2011-04-13,en ruta
349,254,174,2003-10-27,2003-11-12,en ruta
350,288,175,2007-02-08,2007-02-10,en ruta
351,338,175,2013-09-24,2013-09-28,perdido
352,81,176,2005-07-28,2005-08-06,en ruta
353,83,176,2012-11-22,2012-11-28,perdido
354,331,177,2009-11-07,2009-11-19,perdido
355,198,177,2011-04-24,2011-05-01,finalizado
356,112,178,2007-07-04,2007-07-08,en ruta
357,224,178,2018-07-22,2018-08-05,perdido
358,289,179,2003-10-15,2003-10-20,finalizado
359,247,179,2014-05-27,2014-06-10,perdido
360,276,180,2012-12-25,2013-01-11,finalizado
361,142,180,2000-04-16,2000-05-04,finalizado
362,253,181,2010-03-13,2010-03-28,finalizado
363,225,181,2011-07-27,2011-08-12,perdido
364,180,182,2014-07-01,2014-07-10,en ruta
365,179,182,2009-10-19,2009-10-22,finalizado
366,331,183,2007-02-01,2007-02-07,en ruta
367,262,183,2002-10-15,2002-11-01,finalizado
368,64,184,2013-11-23,2013-11-27,perdido
369,183,184,2009-05-21,2009-06-02,finalizado
370,375,185,2013-10-26,2013-11-14,finalizado
371,230,185,2016-08-16,2016-09-02,finalizado
372,349,186,2005-01-19,2005-02-01,finalizado
373,186,186,2008-07-28,2008-08-15,perdido
374,275,187,2018-11-05,2018-11-06,perdido
375,394,187,2005-02-20,2005-02-25,en ruta
376,78,188,2009-11-05,2009-11-08,perdido
377,420,188,2002-09-04,2002-09-10,finalizado
378,134,189,2009-09-24,2009-10-02,finalizado
379,166,189,2011-01-19,2011-01-29,perdido
380,207,190,2007-12-03,2007-12-07,perdido
381,291,190,2010-03-14,2010-03-28,finalizado
382,37,191,2008-07-17,2008-08-03,en ruta
383,3,191,2004-03-03,2004-03-18,finalizado
384,413,192,2008-06-28,2008-07-09,perdido
385,231,192,2011-06-07,2011-06-07,perdido
386,387,193,2006-12-01,2006-12-03,finalizado
387,72,193,2012-03-12,2012-03-28,perdido
388,331,194,2012-07-14,2012-07-31,perdido
389,204,194,2018-03-19,2018-03-31,perdido
390,13,195,2014-01-11,2014-01-20,perdido
391,442,195,2002-06-06,2002-06-12,en ruta
392,24,196,2019-03-31,2019-04-07,finalizado
393,228,196,2003-10-02,2003-10-13,en ruta
394,199,197,2008-02-19,2008-02-28,perdido
395,32,197,2006-09-03,2006-09-08,finalizado
396,25,198,2002-05-06,2002-05-09,perdido
397,293,198,2018-04-17,2018-04-21,en ruta
398,364,199,2005-12-18,2006-01-02,perdido
399,446,199,2002-06-30,2002-07-17,perdido
400,433,200,2005-03-23,2005-03-31,perdido
401,67,200,2001-09-08,2001-09-25,perdido
402,366,201,2008-05-10,2008-05-15,finalizado
403,80,201,2018-08-31,2018-09-03,perdido
404,110,202,2012-11-03,2012-11-18,perdido
405,214,202,2011-08-02,2011-08-18,perdido
406,23,203,2000-10-29,2000-10-31,en ruta
407,144,203,2006-10-18,2006-11-06,finalizado
408,405,204,2008-11-14,2008-11-29,finalizado
409,431,204,2015-11-21,2015-12-02,en ruta
410,220,205,2016-07-14,2016-07-25,finalizado
411,145,205,2000-07-20,2000-08-06,finalizado
412,205,206,2015-03-03,2015-03-20,perdido
413,65,206,2002-03-19,2002-03-23,perdido
414,19,207,2012-01-06,2012-01-20,finalizado
415,99,207,2005-09-02,2005-09-12,en ruta
416,55,208,2018-10-30,2018-11-06,finalizado
417,442,208,2018-08-19,2018-09-05,perdido
418,141,209,2009-01-19,2009-01-25,finalizado
419,168,209,2008-07-30,2008-08-06,finalizado
420,68,210,2001-01-01,2001-01-18,en ruta
421,303,210,2011-01-11,2011-01-12,perdido
422,231,211,2002-04-21,2002-05-02,en ruta
423,442,211,2009-05-09,2009-05-15,perdido
424,388,212,2016-09-25,2016-10-05,en ruta
425,231,212,2013-02-27,2013-02-28,perdido
426,193,213,2000-08-09,2000-08-09,en ruta
427,431,213,2001-07-17,2001-08-02,finalizado
428,411,214,2018-03-31,2018-04-11,perdido
429,355,214,2012-08-28,2012-09-16,en ruta
430,439,215,2001-12-13,2001-12-13,en ruta
431,106,215,2016-09-12,2016-09-29,perdido
432,88,216,2011-11-10,2011-11-19,perdido
433,241,216,2011-07-18,2011-07-20,en ruta
434,243,217,2011-03-24,2011-03-25,finalizado
435,31,217,2008-01-31,2008-02-02,en ruta
436,324,218,2018-08-28,2018-09-02,perdido
437,208,218,2004-09-29,2004-10-14,en ruta
438,142,219,2007-06-06,2007-06-21,finalizado
439,136,219,2002-06-16,2002-07-05,finalizado
440,178,220,2008-10-31,2008-11-12,en ruta
441,6,220,2016-03-21,2016-03-26,finalizado
442,95,221,2011-03-09,2011-03-16,finalizado
443,379,221,2010-06-12,2010-06-22,perdido
444,73,222,2015-08-18,2015-08-26,en ruta
445,266,222,2009-01-29,2009-02-17,en ruta
446,345,223,2000-10-27,2000-11-05,en ruta
447,71,223,2001-12-24,2002-01-07,en ruta
448,107,224,2011-08-29,2011-09-13,en ruta
449,251,224,2009-11-21,2009-11-25,perdido
450,193,225,2002-05-26,2002-06-03,en ruta
451,422,225,2006-10-05,2006-10-18,en ruta
452,68,226,2011-06-05,2011-06-13,en ruta
453,288,226,2001-07-07,2001-07-14,perdido
454,288,227,2012-06-09,2012-06-15,perdido
455,98,227,2012-04-04,2012-04-23,perdido
456,3,228,2016-07-21,2016-08-07,finalizado
457,12,228,2014-03-03,2014-03-18,perdido
458,426,229,2003-12-25,2004-01-03,en ruta
459,449,229,2009-07-19,2009-07-22,perdido
460,120,230,2001-08-16,2001-08-16,finalizado
461,189,230,2001-10-27,2001-11-07,finalizado
462,447,231,2011-01-18,2011-01-25,finalizado
463,12,231,2018-04-30,2018-05-18,finalizado
464,80,232,2005-06-28,2005-07-15,finalizado
465,403,232,2005-03-15,2005-03-21,finalizado
466,73,233,2000-06-10,2000-06-19,finalizado
467,330,233,2017-02-28,2017-03-15,perdido
468,157,234,2005-08-01,2005-08-16,perdido
469,370,234,2006-03-23,2006-03-31,en ruta
470,10,235,2003-03-04,2003-03-10,en ruta
471,375,235,2013-02-25,2013-02-28,en ruta
472,95,236,2014-04-28,2014-05-14,en ruta
473,7,236,2014-03-29,2014-04-17,finalizado
474,321,237,2002-07-09,2002-07-09,finalizado
475,440,237,2001-11-06,2001-11-07,perdido
476,51,238,2005-09-04,2005-09-07,perdido
477,299,238,2010-04-30,2010-05-04,en ruta
478,395,239,2017-01-10,2017-01-20,finalizado
479,11,239,2003-07-25,2003-07-30,finalizado
480,339,240,2011-01-18,2011-01-27,perdido
481,420,240,2002-04-06,2002-04-23,en ruta
482,188,241,2009-12-01,2009-12-08,finalizado
483,94,241,2004-11-15,2004-11-15,perdido
484,119,242,2004-08-21,2004-08-27,finalizado
485,90,242,2016-01-11,2016-01-12,finalizado
486,250,243,2012-09-26,2012-10-11,en ruta
487,232,243,2011-02-07,2011-02-07,perdido
488,434,244,2004-12-09,2004-12-23,en ruta
489,317,244,2007-12-06,2007-12-20,perdido
490,226,245,2003-08-15,2003-08-15,perdido
491,99,245,2010-09-19,2010-10-08,perdido
492,52,246,2004-12-13,2005-01-01,finalizado
493,16,246,2002-09-09,2002-09-13,finalizado
494,211,247,2004-02-08,2004-02-26,finalizado
495,41,247,2003-03-24,2003-04-07,finalizado
496,150,248,2001-11-04,2001-11-22,perdido
497,151,248,2003-06-09,2003-06-17,finalizado
498,203,249,2009-03-09,2009-03-23,finalizado
499,381,249,2017-10-30,2017-11-08,en ruta
500,424,250,2018-01-09,2018-01-17,finalizado
501,256,250,2002-10-19,2002-10-20,finalizado
502,304,251,2001-05-16,2001-05-20,en ruta
503,229,251,2001-08-28,2001-09-05,finalizado
504,263,252,2017-06-17,2017-07-04,finalizado
505,203,252,2007-12-10,2007-12-29,finalizado
506,137,253,2013-04-30,2013-05-13,perdido
507,58,253,2019-01-01,2019-01-03,en ruta
508,242,254,2004-05-18,2004-05-28,en ruta
509,248,254,2004-11-16,2004-11-25,perdido
510,438,255,2003-04-20,2003-04-27,finalizado
511,163,255,2017-11-07,2017-11-19,en ruta
512,177,256,2005-09-02,2005-09-18,en ruta
513,364,256,2014-12-01,2014-12-10,perdido
514,153,257,2000-12-08,2000-12-15,perdido
515,37,257,2019-02-10,2019-02-26,perdido
516,198,258,2014-02-28,2014-03-05,perdido
517,155,258,2005-07-17,2005-07-30,finalizado
518,238,259,2012-02-21,2012-03-09,finalizado
519,185,259,2010-11-27,2010-12-07,en ruta
520,390,260,2017-10-11,2017-10-18,finalizado
521,202,260,2013-11-25,2013-12-04,perdido
522,330,261,2001-04-14,2001-04-23,perdido
523,341,261,2011-09-22,2011-10-06,finalizado
524,80,262,2009-09-27,2009-10-09,finalizado
525,26,262,2006-08-15,2006-08-24,finalizado
526,416,263,2002-06-24,2002-06-28,en ruta
527,284,263,2018-02-22,2018-03-13,en ruta
528,360,264,2003-01-07,2003-01-19,finalizado
529,404,264,2007-11-17,2007-11-22,en ruta
530,96,265,2005-04-01,2005-04-12,perdido
531,299,265,2014-07-29,2014-08-01,perdido
532,311,266,2012-11-24,2012-12-13,perdido
533,323,266,2017-02-02,2017-02-12,finalizado
534,123,267,2014-07-08,2014-07-09,finalizado
535,48,267,2008-07-23,2008-08-03,perdido
536,245,268,2015-06-03,2015-06-20,perdido
537,304,268,2002-03-10,2002-03-25,finalizado
538,12,269,2002-02-19,2002-02-22,finalizado
539,311,269,2002-08-05,2002-08-15,en ruta
540,150,270,2010-07-23,2010-08-04,finalizado
541,133,270,2002-10-25,2002-11-07,finalizado
542,146,271,2009-04-15,2009-04-26,perdido
543,0,271,2000-05-09,2000-05-20,en ruta
544,209,272,2009-11-14,2009-11-24,finalizado
545,220,272,2016-10-25,2016-11-08,en ruta
546,266,273,2004-02-28,2004-03-06,finalizado
547,68,273,2010-01-08,2010-01-23,perdido
548,299,274,2015-01-12,2015-01-16,finalizado
549,105,274,2013-01-27,2013-02-10,perdido
550,266,275,2000-11-29,2000-11-29,finalizado
551,214,275,2008-05-21,2008-05-23,finalizado
552,310,276,2001-05-10,2001-05-17,finalizado
553,197,276,2000-11-29,2000-12-01,finalizado
554,209,277,2014-02-26,2014-03-05,perdido
555,442,277,2011-10-23,2011-11-03,en ruta
556,112,278,2016-06-16,2016-06-20,finalizado
557,17,278,2006-07-13,2006-07-18,perdido
558,91,279,2016-12-26,2017-01-06,en ruta
559,433,279,2010-06-14,2010-06-24,finalizado
560,319,280,2010-01-07,2010-01-08,perdido
561,94,280,2008-12-26,2009-01-03,finalizado
562,284,281,2017-01-06,2017-01-08,perdido
563,295,281,2007-06-23,2007-07-02,perdido
564,201,282,2017-08-30,2017-09-13,finalizado
565,283,282,2011-06-17,2011-06-19,perdido
566,187,283,2010-04-24,2010-04-24,perdido
567,427,283,2015-12-12,2015-12-30,perdido
568,248,284,2002-12-02,2002-12-06,en ruta
569,63,284,2009-11-13,2009-11-15,perdido
570,364,285,2001-12-05,2001-12-24,perdido
571,313,285,2013-11-14,2013-11-28,perdido
572,31,286,2004-06-08,2004-06-11,perdido
573,432,286,2014-09-02,2014-09-03,finalizado
574,215,287,2003-06-19,2003-07-03,finalizado
575,254,287,2000-04-29,2000-05-05,en ruta
576,106,288,2008-04-23,2008-04-27,en ruta
577,309,288,2010-04-13,2010-04-30,finalizado
578,226,289,2007-08-25,2007-08-31,en ruta
579,236,289,2015-01-30,2015-02-14,finalizado
580,54,290,2008-06-14,2008-07-01,en ruta
581,199,290,2003-01-23,2003-02-04,en ruta
582,166,291,2005-11-10,2005-11-23,finalizado
583,149,291,2017-08-12,2017-08-27,finalizado
584,103,292,2010-02-02,2010-02-12,en ruta
585,43,292,2005-01-18,2005-01-29,perdido
586,311,293,2010-06-08,2010-06-25,perdido
587,409,293,2015-09-17,2015-10-02,finalizado
588,307,294,2017-04-26,2017-04-27,en ruta
589,275,294,2016-06-07,2016-06-13,perdido
590,221,295,2000-07-16,2000-07-17,finalizado
591,276,295,2016-03-29,2016-04-08,finalizado
592,314,296,2011-11-10,2011-11-19,en ruta
593,364,296,2014-11-06,2014-11-16,en ruta
594,90,297,2011-03-03,2011-03-18,en ruta
595,285,297,2010-07-04,2010-07-21,perdido
596,265,298,2008-11-25,2008-12-09,finalizado
597,307,298,2008-07-19,2008-07-25,perdido
598,425,299,2007-04-29,2007-05-15,en ruta
599,193,299,2013-04-26,2013-05-09,perdido
600,194,300,2007-02-27,2007-03-18,finalizado
601,429,300,2012-01-18,2012-02-03,en ruta
602,110,301,2012-10-09,2012-10-13,finalizado
603,122,301,2002-12-16,2002-12-28,perdido
604,352,302,2007-12-09,2007-12-25,en ruta
605,87,302,2007-10-25,2007-11-05,en ruta
606,180,303,2012-03-05,2012-03-23,en ruta
607,363,303,2007-10-16,2007-11-03,finalizado
608,176,304,2003-05-29,2003-06-11,perdido
609,42,304,2000-09-16,2000-09-19,finalizado
610,159,305,2013-09-19,2013-10-01,en ruta
611,287,305,2002-03-12,2002-03-16,perdido
612,373,306,2010-02-21,2010-03-10,en ruta
613,167,306,2017-07-27,2017-08-11,finalizado
614,406,307,2004-01-27,2004-01-28,perdido
615,58,307,2004-04-19,2004-04-27,en ruta
616,213,308,2001-06-11,2001-06-18,perdido
617,312,308,2017-02-11,2017-03-02,perdido
618,159,309,2016-06-23,2016-07-03,finalizado
619,226,309,2019-01-10,2019-01-26,perdido
620,205,310,2010-05-11,2010-05-29,perdido
621,12,310,2003-12-23,2003-12-29,finalizado
622,100,311,2013-06-02,2013-06-02,en ruta
623,309,311,2017-12-09,2017-12-14,finalizado
624,233,312,2015-11-01,2015-11-09,finalizado
625,33,312,2011-11-03,2011-11-20,finalizado
626,289,313,2016-06-19,2016-06-22,finalizado
627,218,313,2003-02-17,2003-03-05,perdido
628,242,314,2019-02-10,2019-02-25,finalizado
629,400,314,2017-04-03,2017-04-17,en ruta
630,410,315,2001-06-05,2001-06-07,en ruta
631,45,315,2011-12-16,2011-12-23,en ruta
632,349,316,2017-05-17,2017-06-04,finalizado
633,91,316,2009-05-27,2009-06-15,perdido
634,156,317,2015-05-13,2015-06-01,en ruta
635,200,317,2007-05-19,2007-05-30,en ruta
636,435,318,2014-06-30,2014-07-04,perdido
637,247,318,2014-06-30,2014-07-18,finalizado
638,272,319,2007-05-26,2007-06-09,perdido
639,249,319,2011-11-01,2011-11-05,en ruta
640,145,320,2007-12-12,2007-12-16,perdido
641,106,320,2008-02-07,2008-02-11,en ruta
642,208,321,2012-08-08,2012-08-11,finalizado
643,212,321,2005-10-31,2005-11-06,perdido
644,31,322,2010-10-19,2010-10-20,en ruta
645,108,322,2000-10-01,2000-10-16,en ruta
646,352,323,2014-05-24,2014-06-05,en ruta
647,238,323,2008-06-21,2008-06-30,perdido
648,244,324,2017-07-22,2017-07-27,perdido
649,345,324,2009-04-24,2009-04-29,perdido
650,220,325,2015-05-04,2015-05-13,finalizado
651,409,325,2018-01-31,2018-02-11,finalizado
652,448,326,2015-08-29,2015-09-16,en ruta
653,342,326,2016-11-24,2016-12-12,en ruta
654,411,327,2013-07-15,2013-07-25,perdido
655,103,327,2000-02-03,2000-02-19,finalizado
656,391,328,2003-02-07,2003-02-26,perdido
657,398,328,2002-09-15,2002-09-18,finalizado
658,101,329,2011-10-17,2011-11-01,finalizado
659,242,329,2018-11-29,2018-12-13,perdido
660,39,330,2008-05-22,2008-05-30,en ruta
661,272,330,2014-06-07,2014-06-14,en ruta
662,441,331,2016-10-15,2016-10-15,en ruta
663,433,331,2009-05-27,2009-05-27,finalizado
664,429,332,2015-11-07,2015-11-20,perdido
665,268,332,2015-09-04,2015-09-07,en ruta
666,193,333,2015-10-25,2015-11-06,perdido
667,286,333,2016-06-29,2016-06-30,en ruta
668,204,334,2018-03-29,2018-04-16,en ruta
669,174,334,2002-03-18,2002-03-26,perdido
670,129,335,2002-01-30,2002-02-02,en ruta
671,376,335,2016-09-26,2016-10-03,en ruta
672,288,336,2017-01-21,2017-02-06,perdido
673,24,336,2012-02-26,2012-03-06,finalizado
674,252,337,2010-08-10,2010-08-29,en ruta
675,9,337,2004-08-24,2004-09-11,en ruta
676,379,338,2014-12-23,2015-01-11,en ruta
677,300,338,2018-12-12,2018-12-27,perdido
678,134,339,2014-01-09,2014-01-26,finalizado
679,22,339,2003-11-26,2003-12-15,perdido
680,30,340,2016-03-27,2016-03-28,finalizado
681,175,340,2006-06-29,2006-07-13,perdido
682,135,341,2003-04-24,2003-04-29,en ruta
683,96,341,2002-06-19,2002-07-08,finalizado
684,287,342,2006-06-03,2006-06-19,finalizado
685,197,342,2014-08-23,2014-09-02,finalizado
686,406,343,2006-10-20,2006-10-24,en ruta
687,420,343,2011-09-09,2011-09-11,finalizado
688,8,344,2011-05-07,2011-05-26,perdido
689,132,344,2013-01-21,2013-01-28,perdido
690,327,345,2003-08-22,2003-09-01,perdido
691,338,345,2016-06-07,2016-06-20,finalizado
692,344,346,2010-10-03,2010-10-20,en ruta
693,38,346,2001-06-14,2001-06-28,en ruta
694,142,347,2000-06-09,2000-06-24,finalizado
695,445,347,2009-08-12,2009-08-22,finalizado
696,377,348,2018-08-25,2018-09-04,finalizado
697,297,348,2005-12-12,2005-12-18,en ruta
698,83,349,2018-02-19,2018-03-10,en ruta
699,445,349,2009-05-19,2009-06-05,en ruta
700,254,350,2010-09-06,2010-09-10,en ruta
701,193,350,2011-01-11,2011-01-25,perdido
702,243,351,2002-12-13,2002-12-17,perdido
703,168,351,2018-12-09,2018-12-25,perdido
704,445,352,2017-07-09,2017-07-20,en ruta
705,77,352,2013-01-12,2013-01-28,finalizado
706,197,353,2009-02-19,2009-03-05,en ruta
707,411,353,2019-01-18,2019-01-23,en ruta
708,361,354,2012-12-11,2012-12-22,en ruta
709,342,354,2008-03-22,2008-03-24,finalizado
710,305,355,2004-08-18,2004-08-20,en ruta
711,359,355,2017-10-26,2017-11-02,en ruta
712,249,356,2016-09-20,2016-10-08,finalizado
713,342,356,2001-01-24,2001-01-31,finalizado
714,318,357,2017-10-29,2017-10-30,finalizado
715,177,357,2000-03-11,2000-03-12,perdido
716,301,358,2008-04-10,2008-04-15,finalizado
717,342,358,2013-05-12,2013-05-29,perdido
718,387,359,2006-03-30,2006-04-16,finalizado
719,113,359,2005-05-12,2005-05-20,perdido
720,419,360,2018-08-12,2018-08-24,finalizado
721,323,360,2005-10-18,2005-10-28,en ruta
722,422,361,2015-02-10,2015-02-26,en ruta
723,49,361,2007-03-01,2007-03-10,finalizado
724,359,362,2015-01-01,2015-01-04,finalizado
725,302,362,2007-10-20,2007-11-02,en ruta
726,70,363,2017-03-12,2017-03-22,finalizado
727,189,363,2009-01-29,2009-02-17,en ruta
728,240,364,2019-01-13,2019-01-17,perdido
729,45,364,2013-12-06,2013-12-11,en ruta
730,225,365,2016-08-14,2016-08-15,en ruta
731,42,365,2016-10-26,2016-11-11,en ruta
732,332,366,2007-12-28,2008-01-09,finalizado
733,318,366,2001-09-19,2001-09-21,perdido
734,391,367,2012-01-08,2012-01-24,perdido
735,397,367,2017-04-23,2017-05-08,en ruta
736,125,368,2006-05-25,2006-06-02,perdido
737,383,368,2000-06-25,2000-06-27,finalizado
738,109,369,2011-01-31,2011-02-07,en ruta
739,246,369,2008-01-11,2008-01-29,finalizado
740,56,370,2000-02-05,2000-02-23,en ruta
741,91,370,2018-05-04,2018-05-23,finalizado
742,250,371,2013-04-06,2013-04-21,finalizado
743,321,371,2016-11-03,2016-11-09,en ruta
744,22,372,2018-04-01,2018-04-20,perdido
745,224,372,2016-12-01,2016-12-15,finalizado
746,146,373,2015-08-14,2015-08-24,finalizado
747,341,373,2015-05-19,2015-05-25,perdido
748,55,374,2016-01-29,2016-02-01,finalizado
749,5,374,2004-01-18,2004-01-18,perdido
750,182,375,2018-05-15,2018-05-31,perdido
751,334,375,2017-01-07,2017-01-11,en ruta
752,83,376,2005-03-12,2005-03-19,perdido
753,271,376,2017-09-12,2017-09-24,finalizado
754,199,377,2013-03-25,2013-04-01,perdido
755,196,377,2008-05-15,2008-06-02,en ruta
756,414,378,2002-07-05,2002-07-08,en ruta
757,56,378,2007-04-27,2007-05-06,en ruta
758,229,379,2010-02-22,2010-03-13,perdido
759,152,379,2016-11-11,2016-11-12,en ruta
760,338,380,2017-01-10,2017-01-27,finalizado
761,146,380,2013-05-07,2013-05-21,en ruta
762,16,381,2001-12-22,2001-12-24,perdido
763,438,381,2016-06-19,2016-06-23,en ruta
764,137,382,2015-02-08,2015-02-21,finalizado
765,15,382,2013-03-26,2013-03-28,finalizado
766,115,383,2010-06-23,2010-06-23,perdido
767,260,383,2009-09-19,2009-09-26,en ruta
768,226,384,2017-01-17,2017-01-17,finalizado
769,220,384,2013-10-06,2013-10-11,perdido
770,63,385,2001-06-04,2001-06-10,finalizado
771,423,385,2016-09-23,2016-09-29,perdido
772,44,386,2016-02-24,2016-03-02,perdido
773,237,386,2002-01-29,2002-02-10,en ruta
774,56,387,2001-11-17,2001-11-19,finalizado
775,334,387,2003-05-20,2003-05-24,en ruta
776,426,388,2011-10-26,2011-10-30,en ruta
777,314,388,2003-09-09,2003-09-10,finalizado
778,327,389,2003-09-05,2003-09-07,en ruta
779,403,389,2003-12-05,2003-12-18,en ruta
780,426,390,2019-01-18,2019-01-25,en ruta
781,301,390,2017-05-07,2017-05-21,finalizado
782,336,391,2017-02-18,2017-03-03,en ruta
783,171,391,2018-08-05,2018-08-09,finalizado
784,357,392,2001-12-07,2001-12-11,en ruta
785,267,392,2016-06-12,2016-06-14,finalizado
786,78,393,2012-04-27,2012-05-13,perdido
787,260,393,2015-07-07,2015-07-08,finalizado
788,234,394,2007-07-01,2007-07-14,en ruta
789,182,394,2016-02-28,2016-03-05,en ruta
790,88,395,2011-08-16,2011-08-16,en ruta
791,96,395,2015-04-16,2015-04-29,finalizado
792,207,396,2017-05-12,2017-05-29,finalizado
793,373,396,2006-07-15,2006-08-01,perdido
794,34,397,2007-04-02,2007-04-16,en ruta
795,98,397,2018-08-09,2018-08-26,finalizado
796,442,398,2018-05-04,2018-05-05,perdido
797,24,398,2005-08-23,2005-09-03,en ruta
798,337,399,2011-03-20,2011-04-01,en ruta
799,355,399,2013-12-19,2013-12-24,perdido
800,44,400,2018-08-12,2018-08-15,perdido
801,303,400,2001-10-09,2001-10-13,perdido
802,387,401,2010-08-17,2010-09-01,finalizado
803,382,401,2012-09-02,2012-09-04,finalizado
804,132,402,2001-01-06,2001-01-06,en ruta
805,38,402,2016-09-06,2016-09-06,en ruta
806,75,403,2012-06-23,2012-07-11,perdido
807,291,403,2007-02-11,2007-02-20,finalizado
808,11,404,2016-03-08,2016-03-23,perdido
809,111,404,2015-12-29,2016-01-15,en ruta
810,362,405,2017-10-14,2017-10-14,perdido
811,95,405,2005-05-31,2005-06-06,perdido
812,449,406,2006-06-05,2006-06-20,finalizado
813,144,406,2007-07-06,2007-07-18,perdido
814,119,407,2005-10-30,2005-10-31,en ruta
815,383,407,2019-02-05,2019-02-23,perdido
816,24,408,2003-05-05,2003-05-07,finalizado
817,272,408,2015-09-12,2015-09-22,en ruta
818,317,409,2005-08-07,2005-08-18,en ruta
819,349,409,2012-02-22,2012-02-25,perdido
820,57,410,2012-04-08,2012-04-11,perdido
821,140,410,2000-11-22,2000-11-25,en ruta
822,168,411,2007-07-07,2007-07-20,finalizado
823,334,411,2012-03-13,2012-03-24,perdido
824,22,412,2012-04-26,2012-04-28,perdido
825,256,412,2012-10-25,2012-11-03,perdido
826,125,413,2017-11-01,2017-11-19,finalizado
827,155,413,2013-11-18,2013-11-27,finalizado
828,52,414,2006-07-06,2006-07-11,en ruta
829,248,414,2001-03-25,2001-04-01,perdido
830,175,415,2018-05-02,2018-05-09,en ruta
831,172,415,2000-03-04,2000-03-04,en ruta
832,221,416,2001-02-05,2001-02-09,en ruta
833,445,416,2003-08-14,2003-08-15,perdido
834,71,417,2003-12-23,2004-01-03,finalizado
835,305,417,2007-04-21,2007-05-05,finalizado
836,351,418,2008-07-03,2008-07-17,en ruta
837,59,418,2017-09-18,2017-10-02,finalizado
838,200,419,2003-06-27,2003-07-08,en ruta
839,260,419,2007-03-12,2007-03-25,perdido
840,171,420,2001-03-16,2001-03-30,perdido
841,248,420,2009-12-03,2009-12-14,en ruta
842,229,421,2010-09-25,2010-09-28,finalizado
843,23,421,2003-05-28,2003-06-01,perdido
844,258,422,2010-05-14,2010-05-15,finalizado
845,75,422,2014-08-21,2014-09-05,en ruta
846,433,423,2001-06-02,2001-06-11,perdido
847,21,423,2002-12-19,2003-01-01,perdido
848,327,424,2015-05-21,2015-06-09,perdido
849,331,424,2013-09-26,2013-10-13,en ruta
850,57,425,2002-01-13,2002-02-01,finalizado
851,359,425,2016-12-15,2016-12-27,en ruta
852,122,426,2011-06-01,2011-06-09,en ruta
853,385,426,2006-04-06,2006-04-21,finalizado
854,436,427,2012-02-29,2012-03-18,perdido
855,6,427,2003-02-02,2003-02-05,perdido
856,358,428,2014-07-13,2014-07-30,perdido
857,114,428,2013-04-28,2013-05-13,finalizado
858,192,429,2017-08-28,2017-09-09,en ruta
859,73,429,2017-02-08,2017-02-08,finalizado
860,199,430,2000-05-19,2000-05-30,en ruta
861,61,430,2002-10-18,2002-11-06,perdido
862,349,431,2003-01-08,2003-01-18,en ruta
863,79,431,2015-08-11,2015-08-21,finalizado
864,288,432,2012-01-10,2012-01-21,en ruta
865,360,432,2000-11-09,2000-11-17,finalizado
866,407,433,2015-10-02,2015-10-21,en ruta
867,20,433,2002-06-11,2002-06-30,en ruta
868,331,434,2003-05-18,2003-06-06,finalizado
869,217,434,2010-03-19,2010-03-27,en ruta
870,308,435,2003-12-05,2003-12-22,en ruta
871,19,435,2010-03-06,2010-03-15,finalizado
872,103,436,2002-10-06,2002-10-08,en ruta
873,144,436,2004-08-07,2004-08-14,perdido
874,240,437,2017-08-18,2017-08-24,finalizado
875,202,437,2018-11-12,2018-11-23,perdido
876,185,438,2006-09-04,2006-09-14,finalizado
877,248,438,2007-04-04,2007-04-20,perdido
878,281,439,2009-10-23,2009-11-08,en ruta
879,399,439,2012-06-28,2012-07-10,en ruta
880,112,440,2007-11-29,2007-12-13,perdido
881,27,440,2015-01-12,2015-01-16,finalizado
882,66,441,2015-09-12,2015-09-17,en ruta
883,156,441,2004-12-18,2004-12-26,finalizado
884,315,442,2006-03-12,2006-03-31,perdido
885,305,442,2015-01-27,2015-02-04,finalizado
886,232,443,2002-11-02,2002-11-19,en ruta
887,195,443,2018-08-24,2018-09-08,finalizado
888,340,444,2002-12-11,2002-12-16,finalizado
889,189,444,2013-04-20,2013-05-07,finalizado
890,360,445,2008-01-19,2008-01-25,finalizado
891,173,445,2013-07-22,2013-07-27,finalizado
892,213,446,2009-08-23,2009-08-30,en ruta
893,70,446,2016-11-09,2016-11-26,perdido
894,181,447,2011-09-02,2011-09-04,perdido
895,118,447,2000-04-10,2000-04-23,finalizado
896,199,448,2009-08-22,2009-09-02,finalizado
897,96,448,2013-08-25,2013-09-13,perdido
898,116,449,2005-08-17,2005-09-05,en ruta
899,445,449,2012-11-19,2012-12-04,en ruta
900,133,450,2001-12-10,2001-12-23,finalizado
901,302,450,2007-06-24,2007-07-02,perdido
902,383,451,2014-08-25,2014-08-26,perdido
903,200,451,2008-07-28,2008-08-07,en ruta
904,364,452,2019-03-06,2019-03-14,en ruta
905,333,452,2000-08-19,2000-08-26,perdido
906,19,453,2006-12-26,2007-01-02,finalizado
907,188,453,2002-02-22,2002-03-11,perdido
908,405,454,2004-12-03,2004-12-09,en ruta
909,441,454,2017-01-02,2017-01-18,perdido
910,298,455,2016-10-02,2016-10-07,en ruta
911,445,455,2007-06-20,2007-06-26,finalizado
912,286,456,2010-01-25,2010-02-06,finalizado
913,342,456,2000-02-20,2000-02-21,en ruta
914,217,457,2007-02-04,2007-02-14,finalizado
915,17,457,2002-10-22,2002-11-08,finalizado
916,239,458,2000-08-31,2000-09-16,finalizado
917,104,458,2002-12-16,2002-12-26,finalizado
918,368,459,2005-03-18,2005-03-27,finalizado
919,340,459,2017-08-22,2017-09-01,perdido
920,233,460,2015-03-30,2015-04-11,perdido
921,174,460,2011-01-06,2011-01-07,perdido
922,81,461,2007-09-13,2007-09-14,perdido
923,114,461,2015-09-05,2015-09-22,perdido
924,374,462,2006-09-24,2006-10-05,en ruta
925,151,462,2007-12-26,2008-01-09,perdido
926,397,463,2008-06-18,2008-07-04,perdido
927,329,463,2016-03-28,2016-03-30,finalizado
928,294,464,2000-03-02,2000-03-04,finalizado
929,368,464,2004-06-15,2004-06-15,perdido
930,200,465,2002-09-23,2002-10-02,perdido
931,417,465,2013-07-25,2013-08-11,finalizado
932,62,466,2003-06-14,2003-06-22,en ruta
933,264,466,2007-01-07,2007-01-09,en ruta
934,394,467,2012-10-01,2012-10-12,perdido
935,372,467,2009-12-15,2009-12-20,finalizado
936,28,468,2004-05-24,2004-06-10,perdido
937,48,468,2006-12-06,2006-12-09,en ruta
938,420,469,2009-08-30,2009-09-03,en ruta
939,29,469,2000-10-06,2000-10-20,en ruta
940,248,470,2016-07-20,2016-08-04,en ruta
941,331,470,2004-12-15,2004-12-26,finalizado
942,408,471,2017-08-23,2017-09-01,en ruta
943,172,471,2008-10-27,2008-11-10,en ruta
944,416,472,2014-12-05,2014-12-20,perdido
945,36,472,2012-04-28,2012-05-16,en ruta
946,406,473,2002-09-24,2002-10-07,perdido
947,6,473,2017-08-02,2017-08-14,perdido
948,406,474,2011-03-19,2011-03-31,finalizado
949,37,474,2001-01-05,2001-01-05,en ruta
950,91,475,2006-11-01,2006-11-09,finalizado
951,213,475,2007-06-04,2007-06-08,en ruta
952,219,476,2010-08-24,2010-09-10,finalizado
953,216,476,2014-09-24,2014-10-09,finalizado
954,203,477,2007-07-05,2007-07-23,en ruta
955,414,477,2003-01-27,2003-02-06,finalizado
956,305,478,2012-09-23,2012-10-02,finalizado
957,433,478,2007-07-10,2007-07-20,perdido
958,374,479,2007-01-06,2007-01-13,finalizado
959,103,479,2011-04-17,2011-04-19,en ruta
960,398,480,2009-05-29,2009-06-06,finalizado
961,139,480,2009-09-22,2009-09-28,en ruta
962,46,481,2017-09-10,2017-09-26,perdido
963,61,481,2008-11-24,2008-12-11,perdido
964,211,482,2003-06-28,2003-07-01,perdido
965,378,482,2000-04-24,2000-04-24,en ruta
966,25,483,2007-11-23,2007-12-01,perdido
967,131,483,2011-01-27,2011-01-29,perdido
968,232,484,2008-11-27,2008-12-02,perdido
969,81,484,2004-07-13,2004-07-29,en ruta
970,283,485,2001-01-08,2001-01-18,perdido
971,366,485,2007-10-17,2007-11-05,perdido
972,219,486,2014-04-11,2014-04-15,perdido
973,168,486,2003-01-22,2003-01-23,finalizado
974,360,487,2010-06-29,2010-07-18,en ruta
975,56,487,2014-01-29,2014-02-05,perdido
976,99,488,2007-12-23,2007-12-23,finalizado
977,387,488,2007-10-14,2007-10-30,en ruta
978,168,489,2000-03-16,2000-03-16,en ruta
979,350,489,2017-09-08,2017-09-14,finalizado
980,431,490,2014-01-19,2014-01-26,perdido
981,135,490,2018-10-14,2018-10-15,finalizado
982,447,491,2001-09-25,2001-10-04,finalizado
983,43,491,2008-01-18,2008-02-04,en ruta
984,269,492,2011-11-09,2011-11-10,en ruta
985,289,492,2002-02-09,2002-02-16,finalizado
986,15,493,2013-01-17,2013-01-25,perdido
987,155,493,2003-03-14,2003-03-22,perdido
988,374,494,2004-06-30,2004-07-15,en ruta
989,277,494,2015-10-03,2015-10-03,perdido
990,317,495,2006-10-22,2006-10-23,finalizado
991,288,495,2016-10-15,2016-11-01,finalizado
992,25,496,2000-04-11,2000-04-16,en ruta
993,425,496,2002-06-27,2002-07-09,perdido
994,268,497,2013-04-28,2013-05-15,perdido
995,321,497,2007-10-18,2007-10-25,finalizado
996,157,498,2007-03-22,2007-03-28,perdido
997,78,498,2004-07-29,2004-08-16,finalizado
998,68,499,2003-05-01,2003-05-05,en ruta
999,110,499,2003-10-04,2003-10-17,en ruta
1000,394,500,2006-05-11,2006-05-23,en ruta
1001,96,500,2016-12-12,2016-12-24,finalizado
1002,317,501,2009-05-14,2009-05-20,perdido
1003,75,501,2004-05-29,2004-06-04,en ruta
1004,411,502,2003-07-19,2003-07-25,perdido
1005,159,502,2014-01-09,2014-01-09,finalizado
1006,151,503,2010-10-03,2010-10-21,en ruta
1007,325,503,2004-04-30,2004-05-15,finalizado
1008,247,504,2004-05-05,2004-05-22,perdido
1009,372,504,2002-02-07,2002-02-17,finalizado
1010,338,505,2006-05-04,2006-05-19,en ruta
1011,351,505,2002-02-01,2002-02-02,en ruta
1012,169,506,2006-02-05,2006-02-12,en ruta
1013,207,506,2017-03-02,2017-03-06,finalizado
1014,204,507,2014-09-29,2014-10-15,perdido
1015,11,507,2009-01-08,2009-01-23,finalizado
1016,322,508,2002-11-23,2002-11-25,perdido
1017,139,508,2017-03-13,2017-03-24,perdido
1018,92,509,2002-06-09,2002-06-23,finalizado
1019,112,509,2004-12-13,2004-12-25,perdido
1020,357,510,2011-04-22,2011-05-11,finalizado
1021,146,510,2011-09-10,2011-09-12,en ruta
1022,123,511,2008-07-13,2008-07-17,perdido
1023,291,511,2000-07-21,2000-07-26,finalizado
1024,35,512,2017-06-23,2017-06-30,en ruta
1025,391,512,2012-10-09,2012-10-10,perdido
1026,271,513,2002-03-14,2002-03-14,perdido
1027,55,513,2018-01-19,2018-01-31,finalizado
1028,314,514,2003-08-10,2003-08-26,en ruta
1029,281,514,2001-04-14,2001-04-23,en ruta
1030,209,515,2003-12-02,2003-12-07,perdido
1031,283,515,2001-10-01,2001-10-09,perdido
1032,134,516,2011-04-22,2011-05-09,en ruta
1033,93,516,2006-03-12,2006-03-20,perdido
1034,4,517,2005-07-30,2005-07-30,en ruta
1035,107,517,2019-02-13,2019-02-19,en ruta
1036,341,518,2006-07-20,2006-07-27,finalizado
1037,135,518,2009-05-16,2009-05-17,finalizado
1038,254,519,2009-06-04,2009-06-07,en ruta
1039,120,519,2011-05-03,2011-05-16,finalizado
1040,424,520,2013-12-28,2013-12-28,perdido
1041,197,520,2018-01-08,2018-01-17,en ruta
1042,6,521,2018-01-26,2018-02-02,perdido
1043,22,521,2014-06-27,2014-07-07,perdido
1044,113,522,2013-09-26,2013-10-04,perdido
1045,415,522,2010-09-27,2010-10-16,finalizado
1046,429,523,2014-10-13,2014-10-25,perdido
1047,60,523,2001-03-06,2001-03-06,en ruta
1048,75,524,2015-12-02,2015-12-13,en ruta
1049,127,524,2001-03-05,2001-03-13,en ruta
1050,425,525,2003-05-14,2003-05-23,finalizado
1051,274,525,2018-09-01,2018-09-15,perdido
1052,151,526,2011-12-02,2011-12-08,en ruta
1053,323,526,2015-07-06,2015-07-17,perdido
1054,333,527,2005-11-21,2005-11-22,finalizado
1055,141,527,2007-08-22,2007-08-22,en ruta
1056,43,528,2006-05-18,2006-06-02,en ruta
1057,57,528,2014-05-04,2014-05-11,en ruta
1058,421,529,2004-03-27,2004-04-07,finalizado
1059,240,529,2014-06-28,2014-07-05,perdido
1060,278,530,2007-04-19,2007-04-22,en ruta
1061,99,530,2007-01-13,2007-01-21,finalizado
1062,322,531,2018-12-14,2018-12-25,finalizado
1063,435,531,2000-01-17,2000-01-19,finalizado
1064,146,532,2002-04-05,2002-04-05,finalizado
1065,167,532,2017-07-03,2017-07-15,perdido
1066,367,533,2011-03-08,2011-03-10,en ruta
1067,290,533,2012-09-21,2012-10-08,en ruta
1068,438,534,2004-08-10,2004-08-17,en ruta
1069,109,534,2016-07-16,2016-07-25,finalizado
1070,85,535,2000-04-09,2000-04-12,en ruta
1071,307,535,2008-07-03,2008-07-19,finalizado
1072,334,536,2012-05-14,2012-05-16,perdido
1073,132,536,2001-03-08,2001-03-17,perdido
1074,173,537,2017-11-04,2017-11-04,finalizado
1075,178,537,2001-07-11,2001-07-20,perdido
1076,423,538,2017-09-14,2017-09-28,finalizado
1077,1,538,2009-03-08,2009-03-25,en ruta
1078,406,539,2001-12-20,2001-12-29,finalizado
1079,399,539,2009-05-19,2009-05-21,perdido
1080,137,540,2015-11-05,2015-11-14,en ruta
1081,28,540,2014-09-14,2014-09-30,perdido
1082,195,541,2015-04-15,2015-04-16,en ruta
1083,382,541,2018-10-17,2018-10-21,perdido
1084,396,542,2005-09-26,2005-10-08,perdido
1085,270,542,2010-10-02,2010-10-09,finalizado
1086,22,543,2005-01-26,2005-02-01,finalizado
1087,58,543,2012-04-23,2012-04-23,en ruta
1088,257,544,2003-07-18,2003-07-27,en ruta
1089,334,544,2015-02-21,2015-02-24,perdido
1090,151,545,2016-04-20,2016-04-25,perdido
1091,268,545,2011-08-31,2011-09-09,perdido
1092,422,546,2007-08-14,2007-08-20,finalizado
1093,132,546,2014-07-12,2014-07-14,en ruta
1094,352,547,2002-01-02,2002-01-19,perdido
1095,366,547,2009-10-14,2009-10-16,finalizado
1096,119,548,2000-10-03,2000-10-04,en ruta
1097,370,548,2009-10-11,2009-10-11,perdido
1098,225,549,2011-11-13,2011-11-30,en ruta
1099,323,549,2016-09-19,2016-09-22,en ruta
1100,361,550,2002-04-20,2002-05-08,perdido
1101,421,550,2002-03-30,2002-03-30,finalizado
1102,55,551,2011-12-06,2011-12-25,perdido
1103,300,551,2016-05-30,2016-06-02,perdido
1104,266,552,2010-03-27,2010-04-12,finalizado
1105,401,552,2006-03-15,2006-03-21,finalizado
1106,237,553,2010-10-31,2010-11-10,perdido
1107,211,553,2016-12-30,2017-01-03,finalizado
1108,367,554,2005-05-08,2005-05-09,finalizado
1109,117,554,2017-04-06,2017-04-19,perdido
1110,109,555,2005-02-01,2005-02-09,finalizado
1111,290,555,2015-05-26,2015-06-11,perdido
1112,44,556,2013-09-17,2013-10-05,en ruta
1113,372,556,2003-04-03,2003-04-08,finalizado
1114,128,557,2012-06-07,2012-06-16,perdido
1115,90,557,2016-07-06,2016-07-23,finalizado
1116,383,558,2005-08-25,2005-09-12,en ruta
1117,364,558,2001-12-27,2002-01-11,en ruta
1118,10,559,2015-07-30,2015-08-10,finalizado
1119,32,559,2005-02-14,2005-02-14,perdido
1120,126,560,2006-08-23,2006-09-02,perdido
1121,259,560,2008-08-16,2008-08-21,finalizado
1122,138,561,2008-11-04,2008-11-19,perdido
1123,136,561,2003-05-08,2003-05-11,en ruta
1124,410,562,2009-09-07,2009-09-25,en ruta
1125,252,562,2004-01-01,2004-01-01,finalizado
1126,361,563,2018-05-06,2018-05-19,finalizado
1127,118,563,2015-03-22,2015-04-10,en ruta
1128,222,564,2012-07-07,2012-07-23,perdido
1129,32,564,2011-04-23,2011-05-02,en ruta
1130,197,565,2008-03-15,2008-03-16,en ruta
1131,348,565,2018-01-20,2018-01-24,finalizado
1132,399,566,2014-09-14,2014-09-14,perdido
1133,135,566,2017-02-21,2017-03-10,finalizado
1134,194,567,2017-05-20,2017-05-24,finalizado
1135,23,567,2005-08-11,2005-08-22,finalizado
1136,287,568,2014-02-17,2014-02-18,perdido
1137,60,568,2017-01-29,2017-01-29,finalizado
1138,115,569,2011-10-25,2011-11-03,perdido
1139,284,569,2014-11-25,2014-11-28,finalizado
1140,441,570,2007-01-26,2007-02-14,finalizado
1141,41,570,2017-06-06,2017-06-23,en ruta
1142,406,571,2015-04-02,2015-04-13,perdido
1143,84,571,2001-11-24,2001-11-27,perdido
1144,16,572,2006-08-10,2006-08-29,en ruta
1145,446,572,2003-05-23,2003-05-25,finalizado
1146,356,573,2008-02-06,2008-02-17,perdido
1147,45,573,2003-03-01,2003-03-11,perdido
1148,59,574,2006-11-30,2006-12-04,finalizado
1149,263,574,2017-07-21,2017-07-27,en ruta
1150,5,575,2001-04-17,2001-05-04,en ruta
1151,279,575,2011-10-11,2011-10-30,en ruta
1152,22,576,2015-03-15,2015-03-20,finalizado
1153,252,576,2017-06-06,2017-06-23,finalizado
1154,159,577,2013-05-22,2013-06-04,en ruta
1155,221,577,2015-12-16,2015-12-22,en ruta
1156,115,578,2016-10-30,2016-11-17,finalizado
1157,35,578,2018-06-21,2018-07-02,en ruta
1158,204,579,2013-11-28,2013-12-08,perdido
1159,304,579,2016-07-08,2016-07-17,perdido
1160,373,580,2017-11-05,2017-11-05,perdido
1161,119,580,2011-05-11,2011-05-19,en ruta
1162,411,581,2004-06-02,2004-06-17,en ruta
1163,157,581,2006-09-06,2006-09-20,finalizado
1164,60,582,2011-01-15,2011-02-02,en ruta
1165,341,582,2000-09-07,2000-09-14,finalizado
1166,85,583,2013-03-15,2013-04-03,finalizado
1167,431,583,2014-08-20,2014-09-06,perdido
1168,344,584,2001-12-17,2002-01-02,en ruta
1169,261,584,2006-12-05,2006-12-06,en ruta
1170,118,585,2001-04-11,2001-04-14,perdido
1171,229,585,2007-01-30,2007-02-02,en ruta
1172,269,586,2002-11-09,2002-11-19,finalizado
1173,122,586,2007-10-08,2007-10-10,en ruta
1174,349,587,2013-11-16,2013-11-18,perdido
1175,218,587,2001-02-22,2001-03-01,finalizado
1176,250,588,2010-12-31,2011-01-12,en ruta
1177,268,588,2000-02-19,2000-02-27,perdido
1178,186,589,2010-02-07,2010-02-16,finalizado
1179,207,589,2010-04-08,2010-04-23,en ruta
1180,67,590,2013-11-04,2013-11-21,en ruta
1181,43,590,2006-05-22,2006-05-28,perdido
1182,27,591,2001-03-23,2001-03-25,en ruta
1183,71,591,2011-07-16,2011-08-03,finalizado
1184,40,592,2014-11-19,2014-11-28,finalizado
1185,4,592,2003-06-23,2003-06-24,finalizado
1186,134,593,2016-04-19,2016-05-05,finalizado
1187,360,593,2018-12-25,2019-01-12,en ruta
1188,51,594,2014-12-27,2015-01-08,finalizado
1189,82,594,2017-08-17,2017-08-18,perdido
1190,1,595,2015-06-06,2015-06-11,perdido
1191,399,595,2000-12-03,2000-12-16,perdido
1192,345,596,2008-06-10,2008-06-23,en ruta
1193,276,596,2000-02-29,2000-03-10,en ruta
1194,105,597,2002-10-28,2002-11-16,en ruta
1195,283,597,2017-12-04,2017-12-05,perdido
1196,370,598,2001-03-26,2001-04-04,finalizado
1197,95,598,2019-03-29,2019-04-01,perdido
1198,260,599,2006-05-04,2006-05-06,finalizado
1199,192,599,2002-12-17,2003-01-02,finalizado
1200,31,600,2011-07-14,2011-07-21,en ruta
1201,254,600,2001-11-14,2001-12-02,finalizado
1202,247,601,2013-04-18,2013-04-26,finalizado
1203,293,601,2001-07-10,2001-07-16,perdido
1204,435,602,2002-10-28,2002-10-29,en ruta
1205,428,602,2002-02-12,2002-02-19,finalizado
1206,405,603,2011-12-20,2012-01-01,perdido
1207,325,603,2000-02-10,2000-02-26,en ruta
1208,419,604,2007-04-12,2007-04-12,perdido
1209,1,604,2005-07-04,2005-07-17,en ruta
1210,59,605,2018-11-17,2018-11-26,perdido
1211,185,605,2010-11-07,2010-11-07,finalizado
1212,64,606,2011-03-27,2011-04-12,finalizado
1213,174,606,2002-11-16,2002-11-19,en ruta
1214,201,607,2003-10-05,2003-10-22,en ruta
1215,168,607,2000-07-31,2000-08-03,perdido
1216,292,608,2001-08-28,2001-08-28,perdido
1217,256,608,2009-06-01,2009-06-04,finalizado
1218,40,609,2012-07-10,2012-07-25,en ruta
1219,24,609,2016-05-12,2016-05-13,en ruta
1220,76,610,2010-06-10,2010-06-20,en ruta
1221,119,610,2002-11-12,2002-11-12,en ruta
1222,241,611,2010-09-01,2010-09-02,en ruta
1223,192,611,2010-06-16,2010-06-28,finalizado
1224,175,612,2015-11-07,2015-11-17,finalizado
1225,155,612,2018-06-16,2018-06-18,finalizado
1226,308,613,2004-12-08,2004-12-15,finalizado
1227,403,613,2010-03-04,2010-03-13,perdido
1228,57,614,2011-03-24,2011-04-06,perdido
1229,206,614,2006-12-30,2007-01-12,perdido
1230,274,615,2000-02-02,2000-02-04,finalizado
1231,295,615,2014-08-02,2014-08-20,finalizado
1232,372,616,2012-08-03,2012-08-12,finalizado
1233,195,616,2013-05-03,2013-05-05,en ruta
1234,87,617,2001-05-22,2001-05-29,finalizado
1235,391,617,2016-05-05,2016-05-13,perdido
1236,426,618,2015-04-15,2015-04-29,perdido
1237,57,618,2015-04-12,2015-04-25,perdido
1238,449,619,2011-05-04,2011-05-09,en ruta
1239,183,619,2000-08-18,2000-08-30,perdido
1240,238,620,2005-09-12,2005-09-24,finalizado
1241,208,620,2003-10-26,2003-11-02,finalizado
1242,249,621,2006-10-31,2006-11-16,finalizado
1243,220,621,2009-11-03,2009-11-04,finalizado
1244,342,622,2004-07-22,2004-08-08,perdido
1245,447,622,2001-03-18,2001-03-25,perdido
1246,348,623,2011-01-12,2011-01-21,finalizado
1247,267,623,2006-08-31,2006-09-14,finalizado
1248,241,624,2000-02-11,2000-02-28,en ruta
1249,262,624,2008-02-14,2008-02-28,perdido
1250,199,625,2009-05-19,2009-06-03,finalizado
1251,376,625,2015-07-31,2015-08-02,en ruta
1252,199,626,2006-05-05,2006-05-18,perdido
1253,212,626,2012-11-23,2012-12-10,finalizado
1254,322,627,2017-12-16,2017-12-25,perdido
1255,268,627,2011-01-26,2011-02-01,perdido
1256,177,628,2014-12-31,2015-01-04,perdido
1257,265,628,2016-07-11,2016-07-20,en ruta
1258,51,629,2011-12-04,2011-12-12,finalizado
1259,184,629,2015-09-01,2015-09-11,en ruta
1260,184,630,2017-07-01,2017-07-06,perdido
1261,391,630,2015-09-23,2015-10-06,finalizado
1262,36,631,2003-12-28,2004-01-13,finalizado
1263,259,631,2005-08-03,2005-08-20,finalizado
1264,207,632,2009-10-10,2009-10-17,finalizado
1265,95,632,2003-07-28,2003-08-12,en ruta
1266,233,633,2000-09-16,2000-09-17,en ruta
1267,173,633,2001-06-06,2001-06-25,finalizado
1268,216,634,2017-03-06,2017-03-08,en ruta
1269,76,634,2000-06-09,2000-06-18,perdido
1270,35,635,2009-09-13,2009-09-27,perdido
1271,87,635,2013-04-06,2013-04-24,perdido
1272,120,636,2014-11-21,2014-11-21,en ruta
1273,55,636,2009-07-07,2009-07-08,perdido
1274,293,637,2007-10-11,2007-10-20,en ruta
1275,194,637,2014-07-09,2014-07-09,perdido
1276,368,638,2002-01-07,2002-01-09,perdido
1277,82,638,2002-02-11,2002-02-22,en ruta
1278,149,639,2009-01-02,2009-01-10,finalizado
1279,441,639,2007-08-27,2007-09-01,en ruta
1280,352,640,2003-06-25,2003-07-12,perdido
1281,172,640,2008-05-17,2008-05-20,en ruta
1282,127,641,2017-04-01,2017-04-19,perdido
1283,332,641,2005-10-06,2005-10-20,en ruta
1284,225,642,2014-12-01,2014-12-07,en ruta
1285,77,642,2019-01-06,2019-01-19,perdido
1286,234,643,2002-11-04,2002-11-15,en ruta
1287,16,643,2003-09-26,2003-10-05,en ruta
1288,191,644,2003-03-01,2003-03-11,finalizado
1289,304,644,2004-09-04,2004-09-06,en ruta
1290,440,645,2009-11-07,2009-11-11,perdido
1291,94,645,2005-02-23,2005-03-12,finalizado
1292,411,646,2010-07-18,2010-08-04,perdido
1293,28,646,2018-09-16,2018-09-19,en ruta
1294,90,647,2013-08-17,2013-08-17,en ruta
1295,316,647,2009-04-02,2009-04-13,perdido
1296,68,648,2011-11-08,2011-11-18,finalizado
1297,80,648,2009-11-25,2009-11-30,en ruta
1298,322,649,2015-05-02,2015-05-21,perdido
1299,301,649,2007-06-04,2007-06-15,perdido
1300,176,650,2009-01-01,2009-01-06,finalizado
1301,200,650,2016-09-23,2016-10-10,en ruta
1302,428,651,2008-07-31,2008-08-09,en ruta
1303,366,651,2009-02-20,2009-03-11,perdido
1304,47,652,2006-07-20,2006-08-03,finalizado
1305,84,652,2007-04-09,2007-04-16,perdido
1306,307,653,2009-09-02,2009-09-02,en ruta
1307,165,653,2001-05-13,2001-06-01,finalizado
1308,267,654,2012-03-30,2012-04-04,finalizado
1309,298,654,2005-11-03,2005-11-06,perdido
1310,186,655,2001-05-17,2001-05-25,perdido
1311,279,655,2012-07-29,2012-08-03,perdido
1312,8,656,2001-05-27,2001-06-09,finalizado
1313,354,656,2016-01-31,2016-02-06,finalizado
1314,205,657,2005-03-16,2005-03-17,en ruta
1315,166,657,2015-07-05,2015-07-21,en ruta
1316,357,658,2001-07-17,2001-08-02,en ruta
1317,226,658,2008-09-06,2008-09-15,en ruta
1318,279,659,2000-12-05,2000-12-11,perdido
1319,447,659,2009-07-03,2009-07-10,finalizado
1320,187,660,2014-08-25,2014-09-12,en ruta
1321,185,660,2006-04-06,2006-04-13,perdido
1322,44,661,2018-01-08,2018-01-25,finalizado
1323,287,661,2001-07-30,2001-08-08,perdido
1324,111,662,2004-05-15,2004-05-27,perdido
1325,99,662,2014-11-28,2014-12-08,en ruta
1326,250,663,2016-08-04,2016-08-20,perdido
1327,369,663,2009-01-10,2009-01-28,perdido
1328,441,664,2009-03-20,2009-04-02,en ruta
1329,426,664,2013-04-24,2013-04-28,en ruta
1330,253,665,2012-05-23,2012-06-06,finalizado
1331,57,665,2019-02-17,2019-02-28,en ruta
1332,370,666,2011-04-28,2011-05-15,en ruta
1333,448,666,2012-07-05,2012-07-16,en ruta
1334,140,667,2001-03-04,2001-03-18,en ruta
1335,209,667,2000-07-08,2000-07-15,finalizado
1336,365,668,2008-06-30,2008-07-04,perdido
1337,130,668,2004-05-24,2004-06-03,finalizado
1338,128,669,2004-05-01,2004-05-15,finalizado
1339,224,669,2015-05-23,2015-05-31,en ruta
1340,299,670,2008-05-04,2008-05-20,perdido
1341,399,670,2016-09-25,2016-10-02,en ruta
1342,165,671,2007-11-16,2007-11-16,finalizado
1343,238,671,2007-10-20,2007-10-25,perdido
1344,56,672,2017-02-06,2017-02-11,finalizado
1345,296,672,2000-10-08,2000-10-20,perdido
1346,435,673,2003-12-04,2003-12-19,finalizado
1347,362,673,2005-08-12,2005-08-24,finalizado
1348,170,674,2009-04-17,2009-04-20,finalizado
1349,230,674,2003-08-18,2003-08-19,perdido
1350,66,675,2012-11-23,2012-12-02,en ruta
1351,71,675,2017-05-20,2017-06-08,perdido
1352,347,676,2006-11-26,2006-12-09,en ruta
1353,15,676,2011-06-06,2011-06-15,finalizado
1354,363,677,2004-01-09,2004-01-09,perdido
1355,87,677,2012-09-09,2012-09-25,en ruta
1356,19,678,2007-01-19,2007-02-06,perdido
1357,334,678,2008-08-29,2008-08-29,en ruta
1358,199,679,2014-08-09,2014-08-12,perdido
1359,87,679,2007-06-04,2007-06-18,finalizado
1360,42,680,2005-11-03,2005-11-10,perdido
1361,274,680,2013-10-30,2013-11-10,finalizado
1362,234,681,2003-05-13,2003-05-19,en ruta
1363,98,681,2000-03-09,2000-03-16,en ruta
1364,325,682,2018-01-07,2018-01-22,perdido
1365,217,682,2007-06-03,2007-06-07,finalizado
1366,374,683,2006-08-20,2006-08-20,perdido
1367,45,683,2004-12-01,2004-12-19,finalizado
1368,212,684,2008-10-21,2008-10-31,finalizado
1369,140,684,2006-05-17,2006-05-18,finalizado
1370,117,685,2006-09-04,2006-09-06,perdido
1371,282,685,2000-01-07,2000-01-16,en ruta
1372,417,686,2011-01-23,2011-01-29,finalizado
1373,278,686,2009-06-27,2009-07-02,perdido
1374,136,687,2016-03-31,2016-04-12,finalizado
1375,6,687,2018-03-07,2018-03-16,perdido
1376,345,688,2002-11-07,2002-11-19,perdido
1377,67,688,2016-04-03,2016-04-06,en ruta
1378,281,689,2017-04-27,2017-04-30,en ruta
1379,290,689,2010-12-29,2011-01-07,finalizado
1380,262,690,2018-05-22,2018-06-02,en ruta
1381,80,690,2006-09-01,2006-09-20,en ruta
1382,206,691,2017-02-20,2017-03-09,perdido
1383,254,691,2014-08-20,2014-08-23,perdido
1384,129,692,2002-04-19,2002-04-24,en ruta
1385,359,692,2017-01-20,2017-01-31,en ruta
1386,206,693,2015-12-02,2015-12-07,perdido
1387,312,693,2007-06-20,2007-06-29,finalizado
1388,31,694,2008-07-20,2008-07-23,finalizado
1389,224,694,2011-12-03,2011-12-20,finalizado
1390,401,695,2011-09-10,2011-09-23,finalizado
1391,140,695,2005-01-07,2005-01-07,finalizado
1392,41,696,2013-06-29,2013-07-02,finalizado
1393,193,696,2002-11-12,2002-11-12,en ruta
1394,278,697,2001-02-07,2001-02-18,finalizado
1395,193,697,2006-10-20,2006-11-05,en ruta
1396,195,698,2008-08-27,2008-08-31,finalizado
1397,359,698,2000-12-05,2000-12-09,en ruta
1398,443,699,2001-12-14,2001-12-26,perdido
1399,210,699,2004-08-18,2004-08-21,en ruta
1400,324,700,2007-06-13,2007-06-28,perdido
1401,100,700,2005-01-13,2005-01-28,en ruta
1402,105,701,2018-04-17,2018-04-17,en ruta
1403,243,701,2018-04-02,2018-04-19,perdido
1404,254,702,2010-04-12,2010-04-15,perdido
1405,33,702,2005-06-19,2005-06-23,en ruta
1406,228,703,2014-09-01,2014-09-19,finalizado
1407,217,703,2005-01-13,2005-01-23,perdido
1408,166,704,2009-11-24,2009-11-30,perdido
1409,389,704,2010-11-22,2010-12-08,finalizado
1410,213,705,2008-06-27,2008-07-10,en ruta
1411,1,705,2017-06-16,2017-07-01,finalizado
1412,360,706,2003-04-12,2003-04-20,en ruta
1413,327,706,2015-05-10,2015-05-20,perdido
1414,0,707,2009-05-17,2009-05-23,perdido
1415,364,707,2009-02-24,2009-03-01,finalizado
1416,152,708,2012-02-12,2012-02-13,perdido
1417,21,708,2009-11-13,2009-11-26,en ruta
1418,89,709,2001-11-09,2001-11-16,perdido
1419,40,709,2013-08-27,2013-08-28,finalizado
1420,79,710,2003-03-10,2003-03-25,en ruta
1421,268,710,2012-08-25,2012-09-10,en ruta
1422,327,711,2012-02-18,2012-03-07,perdido
1423,404,711,2000-11-17,2000-12-06,perdido
1424,227,712,2008-06-23,2008-07-07,perdido
1425,19,712,2001-03-24,2001-03-24,finalizado
1426,431,713,2009-10-09,2009-10-18,finalizado
1427,352,713,2019-02-20,2019-02-25,en ruta
1428,1,714,2001-08-18,2001-09-06,en ruta
1429,317,714,2011-10-17,2011-11-03,en ruta
1430,62,715,2005-12-25,2006-01-11,en ruta
1431,23,715,2006-11-18,2006-11-28,perdido
1432,66,716,2012-11-12,2012-11-16,en ruta
1433,250,716,2007-04-18,2007-05-06,perdido
1434,68,717,2004-04-16,2004-04-16,finalizado
1435,149,717,2018-10-16,2018-10-25,perdido
1436,370,718,2018-05-29,2018-06-17,finalizado
1437,54,718,2010-12-27,2011-01-09,en ruta
1438,110,719,2015-11-10,2015-11-13,finalizado
1439,429,719,2004-06-14,2004-06-27,finalizado
1440,412,720,2014-10-18,2014-10-22,finalizado
1441,415,720,2001-11-25,2001-11-30,en ruta
1442,246,721,2005-10-08,2005-10-22,perdido
1443,134,721,2018-05-13,2018-05-14,finalizado
1444,198,722,2017-12-24,2018-01-02,perdido
1445,107,722,2016-04-27,2016-05-12,perdido
1446,272,723,2003-05-06,2003-05-13,en ruta
1447,414,723,2000-08-13,2000-08-30,finalizado
1448,334,724,2001-02-10,2001-02-25,en ruta
1449,211,724,2005-01-09,2005-01-22,perdido
1450,279,725,2004-12-27,2005-01-13,perdido
1451,158,725,2016-05-28,2016-06-01,en ruta
1452,232,726,2000-05-19,2000-06-04,en ruta
1453,146,726,2014-05-09,2014-05-19,finalizado
1454,119,727,2016-02-21,2016-03-01,finalizado
1455,258,727,2003-04-27,2003-05-09,perdido
1456,192,728,2014-11-19,2014-11-23,perdido
1457,358,728,2007-07-25,2007-08-02,perdido
1458,300,729,2011-05-02,2011-05-04,finalizado
1459,214,729,2003-01-29,2003-02-13,en ruta
1460,195,730,2012-12-01,2012-12-18,finalizado
1461,265,730,2003-01-31,2003-02-15,en ruta
1462,327,731,2003-08-29,2003-09-12,en ruta
1463,288,731,2008-12-16,2008-12-26,perdido
1464,349,732,2000-06-15,2000-06-30,finalizado
1465,352,732,2013-05-31,2013-06-01,en ruta
1466,435,733,2018-02-23,2018-03-04,en ruta
1467,414,733,2006-02-15,2006-02-27,en ruta
1468,71,734,2014-11-02,2014-11-12,perdido
1469,4,734,2018-04-01,2018-04-15,perdido
1470,320,735,2000-02-17,2000-02-19,finalizado
1471,147,735,2007-12-25,2007-12-26,en ruta
1472,208,736,2011-02-21,2011-03-03,en ruta
1473,91,736,2004-04-01,2004-04-20,en ruta
1474,228,737,2002-02-01,2002-02-07,perdido
1475,232,737,2006-03-08,2006-03-21,finalizado
1476,340,738,2012-08-24,2012-09-01,finalizado
1477,437,738,2018-03-12,2018-03-27,en ruta
1478,166,739,2002-07-14,2002-07-17,finalizado
1479,424,739,2012-08-18,2012-09-01,en ruta
1480,181,740,2016-12-10,2016-12-17,perdido
1481,62,740,2014-09-30,2014-10-17,en ruta
1482,394,741,2001-12-06,2001-12-13,perdido
1483,442,741,2013-12-13,2013-12-23,en ruta
1484,104,742,2008-12-16,2008-12-18,en ruta
1485,348,742,2009-02-21,2009-03-05,finalizado
1486,97,743,2000-03-07,2000-03-10,en ruta
1487,422,743,2009-03-15,2009-03-31,en ruta
1488,47,744,2015-09-19,2015-09-28,perdido
1489,73,744,2010-10-17,2010-10-28,finalizado
1490,131,745,2012-08-15,2012-08-31,finalizado
1491,406,745,2011-11-27,2011-12-05,perdido
1492,7,746,2001-02-28,2001-03-07,perdido
1493,253,746,2006-02-01,2006-02-04,finalizado
1494,360,747,2003-08-16,2003-08-17,perdido
1495,38,747,2004-11-19,2004-11-24,finalizado
1496,248,748,2007-03-17,2007-03-21,perdido
1497,318,748,2013-03-12,2013-03-28,perdido
1498,317,749,2002-06-06,2002-06-09,perdido
1499,414,749,2003-12-21,2004-01-03,finalizado
1500,176,750,2017-02-23,2017-03-01,finalizado
1501,121,750,2015-12-30,2016-01-03,perdido
1502,439,751,2003-02-06,2003-02-13,en ruta
1503,321,751,2014-02-26,2014-03-06,en ruta
1504,205,752,2007-06-24,2007-07-05,en ruta
1505,304,752,2011-07-05,2011-07-23,en ruta
1506,111,753,2007-07-18,2007-07-27,en ruta
1507,197,753,2006-04-09,2006-04-22,finalizado
1508,74,754,2005-02-27,2005-03-16,finalizado
1509,322,754,2003-11-30,2003-11-30,perdido
1510,131,755,2006-05-30,2006-06-08,en ruta
1511,231,755,2010-05-18,2010-06-02,perdido
1512,158,756,2009-11-01,2009-11-12,perdido
1513,124,756,2016-01-31,2016-02-12,perdido
1514,320,757,2004-09-29,2004-10-04,en ruta
1515,339,757,2013-11-06,2013-11-11,finalizado
1516,365,758,2015-04-30,2015-05-08,perdido
1517,172,758,2004-03-07,2004-03-23,perdido
1518,234,759,2005-02-15,2005-02-15,finalizado
1519,295,759,2007-01-13,2007-01-21,perdido
1520,403,760,2010-08-09,2010-08-22,perdido
1521,395,760,2012-01-03,2012-01-03,perdido
1522,215,761,2016-09-20,2016-09-22,perdido
1523,4,761,2002-02-21,2002-03-05,finalizado
1524,237,762,2000-05-13,2000-05-17,perdido
1525,18,762,2002-07-19,2002-08-07,en ruta
1526,245,763,2007-04-11,2007-04-12,perdido
1527,254,763,2019-03-22,2019-03-24,en ruta
1528,141,764,2007-08-03,2007-08-15,en ruta
1529,21,764,2000-04-07,2000-04-19,finalizado
1530,387,765,2005-03-19,2005-03-28,finalizado
1531,51,765,2015-03-12,2015-03-27,perdido
1532,174,766,2003-01-15,2003-01-27,en ruta
1533,393,766,2001-12-21,2002-01-06,en ruta
1534,10,767,2004-05-06,2004-05-23,finalizado
1535,253,767,2013-09-21,2013-09-25,en ruta
1536,26,768,2014-05-12,2014-05-23,perdido
1537,25,768,2017-08-16,2017-09-02,en ruta
1538,444,769,2016-01-14,2016-01-23,perdido
1539,154,769,2015-08-12,2015-08-17,finalizado
1540,405,770,2009-06-05,2009-06-09,en ruta
1541,203,770,2010-02-24,2010-02-26,finalizado
1542,169,771,2006-06-23,2006-07-06,finalizado
1543,67,771,2003-11-29,2003-12-08,finalizado
1544,349,772,2011-04-07,2011-04-26,perdido
1545,222,772,2018-12-11,2018-12-24,finalizado
1546,275,773,2016-11-10,2016-11-13,en ruta
1547,57,773,2018-03-02,2018-03-07,en ruta
1548,53,774,2015-07-31,2015-08-18,perdido
1549,36,774,2018-08-12,2018-08-31,en ruta
1550,360,775,2017-08-15,2017-08-22,perdido
1551,329,775,2016-09-25,2016-10-11,finalizado
1552,420,776,2016-07-22,2016-08-04,finalizado
1553,413,776,2012-08-20,2012-09-04,en ruta
1554,98,777,2007-12-06,2007-12-24,finalizado
1555,303,777,2003-07-16,2003-08-01,perdido
1556,124,778,2003-03-28,2003-03-30,perdido
1557,255,778,2017-11-21,2017-11-30,perdido
1558,151,779,2013-04-23,2013-04-27,en ruta
1559,41,779,2000-04-09,2000-04-15,finalizado
1560,136,780,2014-04-15,2014-04-16,finalizado
1561,415,780,2017-03-29,2017-04-03,finalizado
1562,98,781,2005-07-06,2005-07-14,perdido
1563,267,781,2009-01-28,2009-02-13,en ruta
1564,346,782,2003-03-15,2003-03-28,en ruta
1565,211,782,2012-05-06,2012-05-24,finalizado
1566,36,783,2000-03-15,2000-03-16,perdido
1567,174,783,2012-02-15,2012-02-24,perdido
1568,51,784,2016-05-09,2016-05-14,en ruta
1569,303,784,2003-03-18,2003-04-05,perdido
1570,237,785,2014-11-23,2014-11-23,en ruta
1571,81,785,2008-10-18,2008-11-01,perdido
1572,337,786,2007-08-31,2007-09-04,en ruta
1573,70,786,2006-03-25,2006-04-07,en ruta
1574,8,787,2011-04-17,2011-05-02,perdido
1575,210,787,2013-02-08,2013-02-14,en ruta
1576,259,788,2008-04-24,2008-05-07,en ruta
1577,94,788,2006-08-14,2006-08-19,en ruta
1578,323,789,2011-07-14,2011-07-30,en ruta
1579,331,789,2019-01-07,2019-01-24,finalizado
1580,214,790,2015-01-11,2015-01-16,perdido
1581,96,790,2012-12-15,2012-12-21,finalizado
1582,38,791,2009-06-16,2009-07-03,en ruta
1583,365,791,2012-06-28,2012-07-08,en ruta
1584,50,792,2000-06-13,2000-06-19,en ruta
1585,39,792,2009-12-25,2009-12-29,en ruta
1586,86,793,2012-11-16,2012-11-20,finalizado
1587,327,793,2001-04-01,2001-04-05,finalizado
1588,28,794,2003-06-10,2003-06-12,en ruta
1589,196,794,2007-08-26,2007-09-12,finalizado
1590,432,795,2013-12-12,2013-12-30,en ruta
1591,24,795,2017-05-23,2017-05-28,finalizado
1592,153,796,2001-09-05,2001-09-16,finalizado
1593,291,796,2003-03-12,2003-03-29,perdido
1594,269,797,2016-06-13,2016-06-30,perdido
1595,192,797,2013-05-17,2013-05-28,finalizado
1596,161,798,2003-04-08,2003-04-19,en ruta
1597,363,798,2001-12-14,2002-01-02,perdido
1598,418,799,2004-05-04,2004-05-12,finalizado
1599,204,799,2015-08-12,2015-08-31,finalizado
1600,336,800,2006-07-27,2006-08-04,perdido
1601,206,800,2016-01-19,2016-01-22,finalizado
1602,155,801,2007-02-16,2007-03-06,perdido
1603,395,801,2013-04-02,2013-04-19,en ruta
1604,382,802,2013-08-14,2013-08-15,en ruta
1605,169,802,2001-03-26,2001-04-11,finalizado
1606,60,803,2019-02-20,2019-03-06,perdido
1607,377,803,2003-07-13,2003-07-30,en ruta
1608,41,804,2011-11-17,2011-11-26,perdido
1609,178,804,2009-11-14,2009-12-03,en ruta
1610,438,805,2015-03-28,2015-04-11,perdido
1611,324,805,2010-11-01,2010-11-02,perdido
1612,408,806,2013-10-08,2013-10-16,perdido
1613,176,806,2018-09-18,2018-10-05,perdido
1614,384,807,2017-12-13,2017-12-25,perdido
1615,296,807,2013-09-06,2013-09-14,finalizado
1616,308,808,2006-08-01,2006-08-10,en ruta
1617,86,808,2016-07-10,2016-07-23,finalizado
1618,27,809,2006-03-08,2006-03-13,perdido
1619,191,809,2003-12-30,2004-01-05,perdido
1620,388,810,2001-10-18,2001-10-27,perdido
1621,70,810,2003-12-06,2003-12-20,perdido
1622,211,811,2004-09-17,2004-09-28,finalizado
1623,384,811,2010-08-19,2010-09-07,en ruta
1624,104,812,2017-01-23,2017-02-04,finalizado
1625,14,812,2006-03-26,2006-04-08,finalizado
1626,316,813,2011-01-25,2011-02-03,en ruta
1627,44,813,2015-09-21,2015-10-07,en ruta
1628,317,814,2015-10-09,2015-10-16,en ruta
1629,66,814,2012-09-21,2012-09-29,en ruta
1630,343,815,2001-09-15,2001-09-28,en ruta
1631,393,815,2002-01-25,2002-01-31,en ruta
1632,277,816,2002-01-01,2002-01-14,finalizado
1633,272,816,2001-11-16,2001-11-27,en ruta
1634,66,817,2017-02-23,2017-02-25,finalizado
1635,88,817,2012-03-25,2012-03-25,perdido
1636,216,818,2015-05-01,2015-05-06,en ruta
1637,372,818,2005-07-02,2005-07-07,perdido
1638,237,819,2002-08-02,2002-08-08,en ruta
1639,106,819,2014-10-26,2014-11-09,finalizado
1640,405,820,2000-11-30,2000-12-02,en ruta
1641,222,820,2014-12-28,2014-12-29,finalizado
1642,12,821,2018-03-28,2018-04-05,en ruta
1643,221,821,2009-12-22,2009-12-30,perdido
1644,412,822,2012-08-20,2012-08-31,finalizado
1645,327,822,2010-12-11,2010-12-16,finalizado
1646,274,823,2005-11-12,2005-11-30,perdido
1647,61,823,2013-03-04,2013-03-11,perdido
1648,421,824,2003-09-22,2003-10-01,en ruta
1649,179,824,2001-05-14,2001-05-23,perdido
1650,150,825,2007-12-05,2007-12-24,en ruta
1651,293,825,2017-07-03,2017-07-15,perdido
1652,282,826,2016-01-31,2016-02-05,finalizado
1653,238,826,2001-09-07,2001-09-13,perdido
1654,48,827,2001-01-21,2001-02-08,perdido
1655,185,827,2015-05-07,2015-05-26,en ruta
1656,312,828,2015-06-24,2015-07-13,finalizado
1657,187,828,2002-11-18,2002-11-24,finalizado
1658,137,829,2011-03-18,2011-04-03,en ruta
1659,7,829,2018-01-20,2018-01-29,perdido
1660,137,830,2014-01-05,2014-01-14,perdido
1661,99,830,2003-07-22,2003-07-25,finalizado
1662,171,831,2011-12-24,2011-12-31,finalizado
1663,219,831,2014-01-16,2014-01-19,finalizado
1664,159,832,2009-12-16,2009-12-30,en ruta
1665,136,832,2016-10-07,2016-10-25,perdido
1666,310,833,2006-11-17,2006-11-21,en ruta
1667,31,833,2005-12-07,2005-12-18,finalizado
1668,94,834,2009-03-14,2009-03-31,en ruta
1669,171,834,2013-03-14,2013-03-29,finalizado
1670,105,835,2000-07-31,2000-08-01,en ruta
1671,425,835,2015-01-23,2015-02-04,perdido
1672,186,836,2001-06-06,2001-06-21,finalizado
1673,403,836,2004-04-29,2004-05-15,perdido
1674,295,837,2010-04-29,2010-05-09,en ruta
1675,149,837,2007-08-20,2007-08-20,perdido
1676,287,838,2017-06-17,2017-06-27,finalizado
1677,207,838,2003-05-14,2003-05-20,en ruta
1678,410,839,2003-01-29,2003-02-09,en ruta
1679,107,839,2003-08-19,2003-08-25,finalizado
1680,142,840,2018-05-29,2018-06-16,perdido
1681,341,840,2015-02-12,2015-02-28,perdido
1682,441,841,2000-08-11,2000-08-27,perdido
1683,99,841,2010-07-30,2010-08-01,perdido
1684,316,842,2004-06-09,2004-06-10,en ruta
1685,267,842,2007-12-02,2007-12-03,finalizado
1686,124,843,2016-06-02,2016-06-03,en ruta
1687,280,843,2007-04-12,2007-04-16,en ruta
1688,67,844,2010-07-15,2010-07-22,perdido
1689,371,844,2004-02-09,2004-02-28,finalizado
1690,162,845,2009-06-21,2009-07-03,finalizado
1691,323,845,2011-05-07,2011-05-08,finalizado
1692,155,846,2019-01-29,2019-02-08,en ruta
1693,353,846,2013-11-30,2013-12-11,perdido
1694,365,847,2010-01-25,2010-02-12,perdido
1695,364,847,2000-03-03,2000-03-07,en ruta
1696,270,848,2001-11-14,2001-11-24,perdido
1697,194,848,2001-07-23,2001-08-03,en ruta
1698,392,849,2010-08-01,2010-08-12,perdido
1699,429,849,2015-03-16,2015-04-01,finalizado
1700,312,850,2004-01-06,2004-01-13,en ruta
1701,159,850,2011-09-26,2011-10-05,finalizado
1702,336,851,2002-09-25,2002-10-06,finalizado
1703,125,851,2012-06-25,2012-06-26,en ruta
1704,65,852,2014-12-03,2014-12-16,finalizado
1705,195,852,2000-01-15,2000-01-30,perdido
1706,102,853,2017-11-28,2017-11-30,en ruta
1707,142,853,2017-06-07,2017-06-21,en ruta
1708,227,854,2004-07-19,2004-08-05,en ruta
1709,216,854,2009-11-23,2009-12-12,finalizado
1710,286,855,2011-09-06,2011-09-21,perdido
1711,165,855,2002-06-28,2002-07-02,perdido
1712,106,856,2010-05-11,2010-05-22,finalizado
1713,379,856,2018-05-19,2018-05-27,finalizado
1714,151,857,2017-08-27,2017-08-27,perdido
1715,42,857,2008-07-07,2008-07-25,finalizado
1716,25,858,2003-08-19,2003-08-29,finalizado
1717,30,858,2007-11-19,2007-11-23,en ruta
1718,349,859,2007-12-24,2007-12-25,finalizado
1719,356,859,2018-10-26,2018-11-04,perdido
1720,370,860,2003-05-30,2003-06-09,en ruta
1721,195,860,2003-05-07,2003-05-19,en ruta
1722,54,861,2013-06-25,2013-07-02,en ruta
1723,277,861,2011-03-10,2011-03-16,en ruta
1724,301,862,2010-11-29,2010-12-03,finalizado
1725,93,862,2008-03-17,2008-04-04,en ruta
1726,257,863,2012-06-28,2012-07-16,finalizado
1727,0,863,2010-01-31,2010-02-02,perdido
1728,193,864,2002-01-24,2002-02-02,finalizado
1729,87,864,2007-08-04,2007-08-07,en ruta
1730,414,865,2010-06-14,2010-06-23,finalizado
1731,208,865,2013-04-05,2013-04-17,en ruta
1732,51,866,2011-07-11,2011-07-14,en ruta
1733,409,866,2013-10-20,2013-10-31,perdido
1734,331,867,2003-08-09,2003-08-20,en ruta
1735,95,867,2005-05-11,2005-05-30,finalizado
1736,8,868,2013-09-01,2013-09-14,perdido
1737,10,868,2002-05-07,2002-05-26,finalizado
1738,162,869,2003-01-30,2003-02-06,en ruta
1739,365,869,2005-10-14,2005-10-29,finalizado
1740,51,870,2009-11-10,2009-11-21,en ruta
1741,401,870,2000-04-23,2000-05-05,en ruta
1742,21,871,2004-10-18,2004-10-23,en ruta
1743,425,871,2004-01-19,2004-02-05,finalizado
1744,327,872,2001-11-29,2001-12-11,finalizado
1745,98,872,2013-12-01,2013-12-03,perdido
1746,251,873,2010-04-07,2010-04-21,finalizado
1747,201,873,2018-10-12,2018-10-18,perdido
1748,29,874,2001-03-05,2001-03-19,en ruta
1749,7,874,2014-11-16,2014-11-24,perdido
1750,383,875,2009-12-14,2009-12-22,en ruta
1751,252,875,2001-05-27,2001-06-12,en ruta
1752,93,876,2000-02-03,2000-02-15,finalizado
1753,118,876,2017-04-12,2017-04-23,perdido
1754,55,877,2002-02-05,2002-02-08,en ruta
1755,226,877,2019-01-24,2019-02-10,perdido
1756,148,878,2013-11-29,2013-12-02,perdido
1757,105,878,2019-01-07,2019-01-14,finalizado
1758,163,879,2010-03-05,2010-03-09,en ruta
1759,191,879,2004-01-19,2004-02-01,perdido
1760,322,880,2013-10-03,2013-10-03,finalizado
1761,63,880,2000-08-28,2000-09-10,perdido
1762,353,881,2013-07-21,2013-07-29,finalizado
1763,212,881,2014-07-14,2014-08-02,perdido
1764,227,882,2013-09-14,2013-09-24,perdido
1765,279,882,2017-03-17,2017-04-03,perdido
1766,286,883,2002-12-17,2002-12-31,perdido
1767,256,883,2015-10-29,2015-11-08,en ruta
1768,442,884,2011-05-09,2011-05-09,finalizado
1769,296,884,2001-01-10,2001-01-29,en ruta
1770,359,885,2002-12-16,2002-12-19,en ruta
1771,53,885,2009-09-20,2009-09-23,finalizado
1772,259,886,2018-04-12,2018-04-26,perdido
1773,377,886,2011-08-31,2011-09-15,perdido
1774,226,887,2017-04-22,2017-05-10,finalizado
1775,401,887,2006-09-03,2006-09-22,finalizado
1776,248,888,2019-04-06,2019-04-11,perdido
1777,2,888,2000-08-03,2000-08-11,en ruta
1778,341,889,2004-06-07,2004-06-12,finalizado
1779,68,889,2011-09-17,2011-10-02,perdido
1780,159,890,2006-03-05,2006-03-16,finalizado
1781,422,890,2013-01-08,2013-01-22,finalizado
1782,395,891,2019-01-06,2019-01-10,finalizado
1783,368,891,2013-10-28,2013-10-28,finalizado
1784,241,892,2002-01-26,2002-02-04,en ruta
1785,346,892,2012-11-03,2012-11-21,perdido
1786,190,893,2002-12-08,2002-12-22,en ruta
1787,255,893,2007-10-04,2007-10-10,perdido
1788,75,894,2017-12-31,2018-01-17,en ruta
1789,143,894,2005-06-26,2005-07-12,finalizado
1790,416,895,2013-04-16,2013-05-05,en ruta
1791,211,895,2013-09-27,2013-10-13,perdido
1792,39,896,2016-05-03,2016-05-06,en ruta
1793,17,896,2004-03-09,2004-03-22,perdido
1794,149,897,2001-02-11,2001-02-22,finalizado
1795,201,897,2001-04-01,2001-04-16,perdido
1796,260,898,2008-07-21,2008-07-30,perdido
1797,177,898,2017-03-08,2017-03-10,en ruta
1798,257,899,2011-04-12,2011-04-12,finalizado
1799,16,899,2017-09-02,2017-09-21,perdido
1800,137,900,2009-04-03,2009-04-11,perdido
1801,0,900,2008-02-10,2008-02-29,finalizado
1802,182,901,2006-12-27,2006-12-28,finalizado
1803,15,901,2016-03-10,2016-03-21,perdido
1804,14,902,2010-03-12,2010-03-24,perdido
1805,16,902,2003-04-07,2003-04-25,perdido
1806,184,903,2008-10-21,2008-10-26,perdido
1807,67,903,2002-11-17,2002-11-20,finalizado
1808,194,904,2013-04-15,2013-04-24,en ruta
1809,64,904,2012-03-01,2012-03-04,finalizado
1810,323,905,2017-01-11,2017-01-12,perdido
1811,224,905,2002-06-17,2002-06-25,finalizado
1812,154,906,2000-09-02,2000-09-04,perdido
1813,268,906,2008-02-02,2008-02-13,finalizado
1814,221,907,2013-06-19,2013-07-02,perdido
1815,159,907,2013-11-29,2013-12-12,perdido
1816,428,908,2006-11-18,2006-11-19,en ruta
1817,296,908,2017-10-16,2017-10-29,perdido
1818,383,909,2008-06-26,2008-06-27,finalizado
1819,109,909,2016-06-13,2016-06-14,finalizado
1820,71,910,2019-03-07,2019-03-26,finalizado
1821,308,910,2000-08-15,2000-09-03,finalizado
1822,310,911,2016-02-12,2016-02-28,en ruta
1823,321,911,2007-08-30,2007-08-31,perdido
1824,432,912,2000-12-02,2000-12-04,finalizado
1825,354,912,2004-12-12,2004-12-31,finalizado
1826,267,913,2013-04-19,2013-05-04,en ruta
1827,219,913,2011-12-22,2011-12-25,finalizado
1828,211,914,2003-11-22,2003-12-06,perdido
1829,359,914,2013-10-24,2013-11-01,en ruta
1830,72,915,2004-04-15,2004-04-20,finalizado
1831,137,915,2018-04-21,2018-04-28,en ruta
1832,190,916,2017-05-08,2017-05-25,perdido
1833,206,916,2000-04-16,2000-05-03,finalizado
1834,163,917,2004-05-06,2004-05-17,finalizado
1835,365,917,2001-04-01,2001-04-04,en ruta
1836,285,918,2004-05-18,2004-05-25,en ruta
1837,19,918,2009-05-23,2009-05-31,en ruta
1838,218,919,2013-10-17,2013-10-28,en ruta
1839,221,919,2010-01-17,2010-02-02,perdido
1840,251,920,2003-04-28,2003-05-03,finalizado
1841,442,920,2005-03-05,2005-03-11,finalizado
1842,278,921,2001-04-09,2001-04-26,perdido
1843,5,921,2016-11-18,2016-11-18,en ruta
1844,349,922,2016-02-08,2016-02-11,en ruta
1845,145,922,2002-10-27,2002-10-29,finalizado
1846,275,923,2013-11-23,2013-12-12,en ruta
1847,150,923,2012-05-23,2012-06-07,en ruta
1848,157,924,2003-04-23,2003-05-04,finalizado
1849,186,924,2016-10-28,2016-10-31,perdido
1850,177,925,2001-08-28,2001-09-06,perdido
1851,401,925,2005-12-10,2005-12-10,finalizado
1852,232,926,2000-09-18,2000-09-26,en ruta
1853,351,926,2007-08-15,2007-08-31,finalizado
1854,175,927,2007-08-03,2007-08-20,en ruta
1855,182,927,2003-04-01,2003-04-10,en ruta
1856,446,928,2006-05-10,2006-05-24,finalizado
1857,375,928,2007-03-01,2007-03-02,finalizado
1858,295,929,2008-10-16,2008-11-03,en ruta
1859,338,929,2001-10-30,2001-11-13,en ruta
1860,246,930,2003-10-22,2003-11-07,finalizado
1861,253,930,2005-09-23,2005-09-26,en ruta
1862,346,931,2015-10-18,2015-10-22,perdido
1863,424,931,2018-03-27,2018-04-04,en ruta
1864,155,932,2000-11-11,2000-11-14,en ruta
1865,323,932,2005-09-21,2005-10-09,en ruta
1866,446,933,2018-09-17,2018-10-06,en ruta
1867,434,933,2001-10-17,2001-11-03,finalizado
1868,386,934,2003-08-01,2003-08-18,finalizado
1869,432,934,2016-09-05,2016-09-19,finalizado
1870,178,935,2017-09-12,2017-09-14,perdido
1871,252,935,2007-11-13,2007-11-23,perdido
1872,378,936,2002-01-01,2002-01-04,perdido
1873,274,936,2012-07-19,2012-07-27,en ruta
1874,384,937,2011-08-25,2011-09-01,finalizado
1875,60,937,2002-12-27,2003-01-13,en ruta
1876,263,938,2004-08-20,2004-08-20,finalizado
1877,148,938,2000-04-18,2000-05-05,en ruta
1878,416,939,2003-06-19,2003-06-22,finalizado
1879,392,939,2009-02-16,2009-02-21,finalizado
1880,280,940,2001-10-01,2001-10-11,finalizado
1881,228,940,2003-04-19,2003-04-27,finalizado
1882,354,941,2003-03-24,2003-04-08,perdido
1883,244,941,2011-08-13,2011-08-17,finalizado
1884,300,942,2005-12-06,2005-12-10,perdido
1885,88,942,2010-04-14,2010-04-18,finalizado
1886,341,943,2003-02-28,2003-03-10,finalizado
1887,199,943,2018-01-16,2018-01-27,perdido
1888,211,944,2015-04-28,2015-05-03,finalizado
1889,280,944,2017-05-02,2017-05-13,en ruta
